key,位置,简体中文,日语,英语,法语,意大利语,德语,西班牙语（西班牙）,阿拉伯语,韩语,葡萄牙语（巴西）,俄语,繁体中文,波兰语,备注
achv.name.001,成就名：JFES110 #1,拜年纪,春節記念祭,New Year Anniversary,Anniversaire du Nouvel An,Anniversario del Capodanno,Neujahrs-Jubiläum,Aniversario de Año Nuevo,ذكرى رأس السنة,설날 기념제,Aniversário de Ano Novo,Годовщина Нового года,拜年紀,Rocznica Nowego Roku,成就名
achv.name.002,成就名：JFES110 #2,欢迎来到煎炸镇,煎炸鎮へようこそ,Welcome to JianZha Town,Bienvenue à JianZha Town,Benvenuto a JianZha Town,Willkommen in JianZha Town,Bienvenido a JianZha Town,مرحبًا بك في JianZha Town,JianZha Town에 오신 것을 환영합니다,Bem-vindo a JianZha Town,Добро пожаловать в JianZha Town,歡迎來到煎炸鎮,Witamy w JianZha Town,成就名
achv.name.003,成就名：JFES110 #3,不要偷拍我,撮らないで,Don’t Sneak a Photo,Pas de photo !,Non fotografarmi,Nicht heimlich fotografieren,No me fotografíes,لا تلتقط صورة خلسة,몰래 찍지 마세요,Não me fotografe,Не подглядывай,不要偷拍我,Nie podglądaj,成就名
achv.name.004,成就名：JFES110 #4,玩的愉快,楽しんでね,Have Fun,Amuse-toi bien,Divertiti,Viel Spaß,Diviértete,استمتع,즐겁게 놀기,Divirta-se,Веселись,玩的愉快,Dobra zabawa,成就名
achv.name.005,成就名：JFES110 #5,万无一失,万全を期して,Foolproof,Sans faille,A prova di errore,Narrensicher,A prueba de fallos,مضمون تمامًا,완벽무결,À prova de falhas,Безупречно,萬無一失,Bez zarzutu,成就名
achv.name.006,成就名：JFES110 #6,猜谜新手,クイズ初心者,Riddle Novice,Novice en énigmes,Novizio degli enigmi,Rätsel-Neuling,Novato en acertijos,مبتدئ الألغاز,수수께끼 초보,Novato em charadas,Новичок в загадках,猜謎新手,Nowicjusz zagadek,成就名
achv.name.007,成就名：JFES110 #7,猜谜高手,クイズ達人,Riddle Expert,Expert en énigmes,Esperto di enigmi,Rätsel-Experte,Experto en acertijos,خبير الألغاز,수수께끼 고수,Especialista em charadas,Мастер загадок,猜謎高手,Ekspert zagadek,成就名
achv.name.008,成就名：JFES110 #8,猜谜老手,クイズ熟練者,Riddle Veteran,Vétéran des énigmes,Veterano degli enigmi,Rätsel-Veteran,Veterano en acertijos,محترف الألغاز,수수께끼 노련가,Veterano em charadas,Ветеран загадок,猜謎老手,Weteran zagadek,成就名
achv.name.009,成就名：JFES110 #9,猜谜的神,クイズの神,Riddle God,Dieu des énigmes,Dio degli enigmi,Rätsel-Gott,Dios de los acertijos,إله الألغاز,수수께끼의 신,Deus das charadas,Бог загадок,猜謎的神,Bóg zagadek,成就名
achv.name.010,成就名：JFES110 #10,快停下来，不要再走了,もう止まって、歩かないで,"Stop, Don’t Walk On","Arrête, ne marche plus",Smetti di camminare,Hör auf zu laufen,Deja de caminar,توقف عن المشي,그만 걸어요,Pare de andar,Хватит идти,快停下來，不要再走了,Przestań iść,成就名
achv.name.011,成就名：JFES110 #11,有的人活着,生きている人もいる,Some Are Still Alive,Certains sont vivants,Alcuni sono vivi,Manche leben noch,Algunos siguen vivos,البعض لا يزال حيًا,어떤 이는 살아 있다,Alguns ainda vivem,Некоторые ещё живы,有的人活著,Niektórzy żyją,成就名
achv.name.012,成就名：JFES110 #12,动起来啊，死嘴,動けよ、この口,"Move It, Mouth","Bouge, sale bouche","Muoviti, bocca","Beweg dich, Mund","Muévete, boca",تحرك أيها الفم,"움직여라, 입아","Mexa-se, boca","Шевелись, рот",動起來啊，死嘴,"Rusz się, gębo",成就名
achv.name.013,成就名：JFES110 #13,猪外有猪,豚の上には豚がいる,Pigs Above Pigs,Des cochons au-dessus des cochons,Maiali sopra i maiali,Schweine über Schweine,Cerdos sobre cerdos,خنازير فوق خنازير,돼지 위에 돼지,Porcos sobre porcos,Свиньи над свиньями,豬外有豬,Świnie nad świniami,成就名
achv.name.014,成就名：JFES110 #14,捣蛋鬼，别捣蛋,いたずらっ子、いたずらしないで,"Trickster, Don’t Trick","Farceur, pas de farce","Burlone, niente scherzi","Scherzkeks, kein Streich","Travieso, no hagas travesuras",أيها المخادع لا تخادع,"장난꾸러기, 장난하지 마","Travesso, não apronte","Проказник, не шали",搗蛋鬼，別搗蛋,"Psotniku, nie psocz",成就名
achv.name.015,成就名：JFES110 #15,蹬鼻子上脸,図に乗るな,Don’t Push It,Ne pousse pas,Non esagerare,Übertreib es nicht,No te pases,لا تتمادى,너무 나가지 마,Não exagere,Не наглей,蹬鼻子上臉,Nie przesadzaj,成就名
achv.name.016,成就名：JFES110 #16,猪的天,豚の天井,Pig’s Heaven,Le paradis du cochon,Il paradiso del maiale,Schweinehimmel,El cielo del cerdo,سماء الخنزير,돼지의 하늘,O céu do porco,Свиное небо,豬的天,Świńskie niebo,成就名
achv.name.017,成就名：JFES110 #17,你是猴吗,君は猿か,Are You a Monkey,Tu es un singe ?,Sei una scimmia?,Bist du ein Affe?,¿Eres un mono?,هل أنت قرد؟,너 원숭이야?,Você é um macaco?,Ты обезьяна?,你是猴嗎,Jesteś małpą?,成就名
achv.name.018,成就名：JFES110 #18,电子垃圾,電子ゴミ,E-Waste,Déchets électroniques,Rifiuti elettronici,Elektroschrott,Basura electrónica,نفايات إلكترونية,전자 쓰레기,Lixo eletrônico,Электронный мусор,電子垃圾,Elektrośmieci,成就名
achv.name.019,成就名：JFES110 #19,占卜大师,占いの達人,Master Diviner,Maître devin,Maestro indovino,Meister-Wahrsager,Maestro adivino,سيد العرافة,점술 대가,Mestre vidente,Мастер-предсказатель,占卜大師,Mistrz wróżbiarstwa,成就名
achv.name.020,成就名：JFES110 #20,再来一次,もう一回,One More Time,Encore une fois,Ancora una volta,Noch einmal,Otra vez,مرة أخرى,한 번 더,Mais uma vez,Ещё раз,再來一次,Jeszcze raz,成就名
achv.name.021,成就名：JFES110 #21,年夜饭，急急急,年夜飯、急いで急いで,"New Year Dinner, Hurry Up","Dîner du Nouvel An, vite !","Cena di Capodanno, sbrigati","Neujahrsessen, beeil dich","Cena de Año Nuevo, apúrate",عشاء رأس السنة، أسرع,"섣달그믐 만찬, 서둘러요","Ceia de Ano Novo, depressa","Новогодний ужин, скорее",年夜飯，急急急,"Kolacja noworoczna, szybko",成就名
achv.name.022,成就名：JFES110 #22；JFES150 #4；JFES175 #2,厕食其力,トイレで自活,Self-Reliant in the Loo,Autonome aux toilettes,Autonomo in bagno,Selbstversorger auf dem Klo,Autosuficiente en el baño,معتمد على نفسك في الحمام,화장실 자급자족,Autossuficiente no banheiro,Сам себе в туалете,廁食其力,Samodzielny w toalecie,成就名
achv.name.023,成就名：JFES110 #23,爆竹声中一岁除,爆竹の音で一年が去る,A Year Passes with Firecrackers,Une année passe dans les pétards,Un anno passa tra i petardi,Ein Jahr vergeht im Feuerwerk,Un año pasa entre petardos,تمضي سنة مع الألعاب النارية,폭죽 소리에 한 해가 간다,Um ano passa entre fogos,Год уходит под фейерверк,爆竹聲中一歲除,Rok mija wśród petard,成就名
achv.name.024,成就名：JFES115 #1,行动重置,行動リセット,Action Reset,Réinitialisation,Azione azzerata,Aktion zurückgesetzt,Acción reiniciada,إعادة ضبط الحركة,액션 리셋,Ação reiniciada,Сброс действия,行動重置,Reset akcji,成就名
achv.name.025,成就名：JFES115 #2,危险份子,危険人物,Dangerous,Dangereux,Pericoloso,Gefährlich,Peligroso,شخص خطير,위험인물,Perigoso,Опасный тип,危險份子,Niebezpieczny,成就名
achv.name.026,成就名：JFES115 #3,拜拜见再,さようなら、またね,"Bye Bye, See You","Au revoir, à bientôt","Ciao, a presto","Tschüss, bis bald","Adiós, hasta pronto",وداعًا إلى اللقاء,"잘 가요, 또 봐요","Tchau, até logo",Пока-пока,拜拜見再,"Żegnaj, do zobaczenia",成就名
achv.name.027,成就名：JFES115 #4,感觉良好,気分は上々,Feeling Good,Je me sens bien,Mi sento bene,Fühl mich gut,Me siento bien,أشعر بحال جيدة,기분 좋아,Me sentindo bem,Чувствую себя хорошо,感覺良好,Czuję się świetnie,成就名
achv.name.028,成就名：JFES115 #5,鸡蛋入锅,卵を鍋へ,Egg in the Pot,L’œuf dans la marmite,Uovo in pentola,Ei in den Topf,Huevo a la olla,البيضة في القدر,냄비에 달걀 넣기,Ovo na panela,Яйцо в кастрюлю,雞蛋入鍋,Jajko do garnka,成就名
achv.name.029,成就名：JFES115 #6,一击必破,一撃で撃破,One-Hit Break,Brisé en un coup,Distrutto in un colpo,Mit einem Schlag,Ruptura de un golpe,تحطيم بضربة واحدة,한 방에 격파,Quebra em um golpe,С одного удара,一擊必破,Zbicie jednym ciosem,成就名
achv.name.030,成就名：JFES150 #1,假期结束,休暇終了,Holiday Over,Fin des vacances,Vacanza finita,Urlaub vorbei,Fin de las vacaciones,انتهت العطلة,휴가 종료,Fim das férias,Отпуск окончен,假期結束,Koniec wakacji,成就名
achv.name.031,成就名：JFES150 #2,盗蛋专家,卵泥棒の達人,Master Egg Thief,Maître voleur d’œufs,Maestro ladro di uova,Meister-Eierdieb,Maestro ladrón de huevos,سيد سارق البيض,달걀 도둑의 달인,Mestre ladrão de ovos,Мастер-похититель яиц,盜蛋專家,Mistrz złodziei jajek,成就名
achv.name.032,成就名：JFES150 #3,完箱归房,箱を部屋へ,Crate Home,Caisse à la maison,Cassa a casa,Kiste nach Hause,Caja a casa,الصندوق إلى البيت,상자를 방으로,Caixa para casa,Ящик домой,完箱歸房,Skrzynia do domu,成就名
achv.name.033,成就名：JFES150 #5,球无虚发,百発百中,Every Shot Hits,Tir à tous les coups,Tiro infallibile,Jeder Schuss sitzt,Tiro certero,كل رمية تصيب,백발백중,Todo tiro acerta,Каждый выстрел в цель,球無虛發,Każdy strzał trafia,成就名
achv.name.034,成就名：JFES150 #6,洞洞俱到,穴という穴へ,Every Hole,Dans tous les trous,In ogni buco,In jedes Loch,En cada agujero,في كل حفرة,모든 구멍에,Em cada buraco,Во все лунки,洞洞俱到,W każdą dziurę,成就名
achv.name.035,成就名：JFES150 #7,红运当头,幸先よい,Lucky Start,Bon présage,Inizio fortunato,Guter Start,Buen presagio,بداية موفقة,좋은 시작,Bom começo,Удачное начало,紅運當頭,Dobry początek,成就名
achv.name.036,成就名：JFES150 #8,五网打尽,五網打尽,Catch All Five Nets,Les cinq filets,Tutte e cinque le reti,Alle fünf Netze,Las cinco redes,الشبكات الخمس,다섯 그물 모두,Todas as cinco redes,Все пять сетей,五網打盡,Wszystkie pięć siatek,成就名
achv.name.037,成就名：JFES150 #9,旁门左道,邪道,Off the Beaten Path,Par la petite porte,Scorciatoia,Querfeldein,Por la puerta de atrás,طريق ملتوٍ,색다른 길,Caminho alternativo,Окольный путь,旁門左道,Na skróty,成就名
achv.name.038,成就名：JFES150 #10,持之以恒,継続は力なり,Keep at It,Persévérance,Perseveranza,Dranbleiben,Perseverancia,المثابرة,꾸준함이 힘,Persistência,Настойчивость,持之以恒,Wytrwałość,成就名
achv.name.039,成就名：JFES150 #11,火烧猪头,豚の頭を焼く,Roast the Pig’s Head,Griller la tête du cochon,Arrostisci la testa del maiale,Schweinekopf braten,Asar la cabeza del cerdo,اشوِ رأس الخنزير,돼지 머리 굽기,Assar a cabeça do porco,Запеки свиную голову,火燒豬頭,Upiecz świński łeb,成就名
achv.name.040,成就名：JFES150 #12,你个猪鼻,この豚鼻め,You Pig-Nose,Espèce de groin,Naso di porco,Du Schweinenase,Nariz de cerdo,يا أنف الخنزير,이 돼지코,Nariz de porco,Свиное рыло,你個豬鼻,Świński ryju,成就名
achv.name.041,成就名：JFES150 #13,高人一等,一枚上手,A Cut Above,Un cran au-dessus,Un gradino sopra,Eine Stufe höher,Un escalón arriba,درجة أعلى,한 수 위,Um nível acima,На голову выше,高人一等,O poziom wyżej,成就名
achv.name.042,成就名：JFES150 #14,浑水摸蛋,泥水で卵を探す,Fish for Eggs in Muddy Water,Pêcher des œufs en eau trouble,Pesca uova in acque torbide,Eier im trüben Wasser,Pescar huevos en aguas turbias,اصطد البيض في الماء العكر,탁한 물에서 달걀 낚기,Pescar ovos em água turva,Ловить яйца в мутной воде,渾水摸蛋,Łowić jajka w mętnej wodzie,成就名
achv.name.043,成就名：JFES150 #15,晕头转向,目が回る,Spinning Head,Tête qui tourne,Testa che gira,Schwindelig,Mareado,دوار,어지러움,Cabeça a girar,Голова кругом,暈頭轉向,Zawroty głowy,成就名
achv.name.044,成就名：JFES150 #16,一步登天,一気に天へ,Straight to the Top,Droit au sommet,Dritto in cima,Direkt nach oben,Directo a la cima,إلى القمة مباشرة,단번에 정상으로,Direto ao topo,Сразу наверх,一步登天,Prosto na szczyt,成就名
achv.name.045,成就名：JFES150 #17,一落千丈,一気に転落,Straight Down,Chute libre,Caduta libera,Absturz,Caída libre,سقوط حر,곤두박질,Queda livre,Камнем вниз,一落千丈,Nagły upadek,成就名
achv.name.046,成就名：JFES150 #18,步步高升,一歩ずつ昇る,Step by Step Up,Pas à pas vers le haut,Passo dopo passo,Schritt für Schritt,Paso a paso arriba,خطوة بخطوة للأعلى,한 걸음씩 상승,Passo a passo,Шаг за шагом вверх,步步高升,Krok po kroku w górę,成就名
achv.name.047,成就名：JFES150 #19,节节败退,次々と後退,Steady Retreat,Recul progressif,Ritirata costante,Schrittweiser Rückzug,Retirada constante,تراجع متتالٍ,연이은 후퇴,Recuo constante,Постепенное отступление,節節敗退,Ciągły odwrót,成就名
achv.name.048,成就名：JFES150 #20；JFES190 #17,信仰之跃,信仰の跳躍,Leap of Faith,Saut de la foi,Salto di fede,Glaubenssprung,Salto de fe,قفزة الإيمان,신앙의 도약,Salto de fé,Прыжок веры,信仰之躍,Skok wiary,成就名
achv.name.049,成就名：JFES150 #21,愿者上钩,釣られるのは望む者,Only the Willing Bite,Seul le volontaire mord,Solo chi vuole abbocca,Nur der Willige beißt an,Solo pica el que quiere,من أراد فليعض,원하는 자만 물린다,Só quem quer morde,Клюёт только желающий,愿者上鉤,Tylko chętny bierze,成就名
achv.name.050,成就名：JFES150 #22,七得好死,七で気持ちよく死ぬ,Die Well at Seven,Mourir en beauté à sept,Morire bene a sette,Schön sterben bei Sieben,Morir bien en el siete,مت براحة عند السبعة,7에서 멋지게 죽기,Morrer bem no sete,Умереть красиво на семи,七得好死,Umrzeć pięknie przy siódemce,成就名
achv.name.051,成就名：JFES150 #23,礼尚往来,礼は往来す,Courtesy Is Returned,La politesse se rend,Cortesia ricambiata,Höflichkeit wird erwidert,Cortesía devuelta,المجاملة تُرد,예의는 왕래,Cortesia se retribui,Вежливость взаимна,禮尚往來,Uprzejmość za uprzejmość,成就名
achv.name.052,成就名：JFES150 #24；JFES160 #5,高手姿态,ヴィルトゥオーゾ・ポスチャー,Virtuose Posture,Posture de virtuose,Posizione da virtuoso,Virtuose Haltung,Postura de virtuoso,وقفة الماهر,고수의 자세,Postura de virtuose,Виртуозная стойка,高手姿態,Poza wirtuoza,成就名
achv.name.053,成就名：JFES150 #25,乐不思爪,爪のことを忘れて楽しむ,Too Happy to Think of Claws,Trop heureux pour penser aux griffes,Troppo felice per pensare agli artigli,Zu glücklich für Krallen,Demasiado feliz para pensar en garras,سعيد جدًا لأن تفكر في المخالب,발톱 생각도 못 할 만큼 즐겁다,Feliz demais para pensar em garras,Счастлив и не думаю о когтях,樂不思爪,"Zbyt szczęśliwy, by myśleć o pazurach",成就名
achv.name.054,成就名：JFES150 #26,新年快乐,あけましておめでとう,Happy New Year,Bonne année,Buon anno,Frohes neues Jahr,Feliz Año Nuevo,عام جديد سعيد,새해 복 많이 받으세요,Feliz Ano Novo,С Новым годом,新年快樂,Szczęśliwego Nowego Roku,成就名
achv.name.055,成就名：JFES150 #27,疯狂周四,狂った木曜日,Crazy Thursday,Jeudi fou,Giovedì folle,Verrückter Donnerstag,Jueves loco,الخميس المجنون,미친 목요일,Quinta-feira louca,Сумасшедший четверг,瘋狂周四,Szalony czwartek,成就名
achv.name.056,成就名：JFES150 #28,亿杆进洞,一億発でカップイン,A Hundred Million in the Hole,Cent millions dans le trou,Cento milioni in buca,Hundert Millionen im Loch,Cien millones dentro,مئة مليون في الحفرة,1억 개 홀인원,Cem milhões na cova,Сто миллионов в лунку,億桿進洞,Sto milionów w dołku,成就名
achv.name.057,成就名：JFES160 #1,岁月史书,歳月の史書,Chronicle of Time,Chronique du temps,Cronaca del tempo,Chronik der Zeit,Crónica del tiempo,سجل الزمن,세월의 사서,Crônica do tempo,Летопись времени,歲月史書,Kronika czasu,成就名
achv.name.058,成就名：JFES160 #2,剩者为王,残り者が王,Last One Standing Wins,Le dernier est roi,L’ultimo è re,Der Letzte ist König,El último es rey,الباقي هو الملك,살아남은 자가 왕,Quem fica é rei,Последний — король,剩者為王,Ostatni zostaje królem,成就名
achv.name.059,成就名：JFES160 #3,火眼金睛,火の目金の瞳,Fiery Eyes,Yeux de feu,Occhi di fuoco,Feurige Augen,Ojos de fuego,عيون نارية,불눈금,Olhos de fogo,Огненные глаза,火眼金睛,Ogniste oczy,成就名
achv.name.060,成就名：JFES160 #4,生日快乐,誕生日おめでとう,Happy Birthday,Joyeux anniversaire,Buon compleanno,Alles Gute zum Geburtstag,Feliz cumpleaños,عيد ميلاد سعيد,생일 축하해,Feliz aniversário,С днём рождения,生日快樂,Wszystkiego najlepszego,成就名
achv.name.061,成就名：JFES160 #6,童年记忆,子供の記憶,Childhood Memory,Souvenir d’enfance,Ricordo d’infanzia,Kindheitserinnerung,Recuerdo de infancia,ذكرى الطفولة,어린 시절의 기억,Memória de infância,Воспоминание детства,童年記憶,Wspomnienie dzieciństwa,成就名
achv.name.062,成就名：JFES160 #7,眼疾手快,目早く手早く,"Quick Eyes, Quick Hands","Œil vif, main rapide",Occhio e mano veloci,"Schnelle Augen, schnelle Hände",Vista y mano rápidas,عين سريعة ويد سريعة,눈보다 빠른 손,Olho e mão rápidos,"Быстрый глаз, быстрая рука",眼疾手快,"Szybkie oko, szybka ręka",成就名
achv.name.063,成就名：JFES160 #8,致命一击,致命の一撃,Fatal Blow,Coup fatal,Colpo fatale,Tödlicher Schlag,Golpe fatal,ضربة قاتلة,치명타,Golpe fatal,Смертельный удар,致命一擊,Śmiertelny cios,成就名
achv.name.064,成就名：JFES160 #9,勇攀高峰,峰へ挑む,Climb the Peak,Grimper le sommet,Scala la cima,Den Gipfel erklimmen,Sube a la cima,تسلق القمة,정상에 도전,Subir ao pico,Взойти на пик,勇攀高峰,Wspinaczka na szczyt,成就名
achv.name.065,成就名：JFES160 #10,历史一游,歴史をひと巡り,A Tour of History,Tour de l’histoire,Giro della storia,Rundgang durch die Geschichte,Un recorrido por la historia,جولة في التاريخ,역사 한 바퀴,Um passeio pela história,Прогулка по истории,歷史一游,Wycieczka po historii,成就名
achv.name.066,成就名：JFES160 #11,高光时刻,ハイライトの瞬間,Highlight Moment,Moment fort,Momento clou,Glanzmoment,Momento destacado,لحظة مميزة,하이라이트 순간,Momento de destaque,Яркий момент,高光時刻,Moment chwały,成就名
achv.name.067,成就名：JFES160 #12,吉祥如意,吉祥如意,Good Fortune,Bonne fortune,Buona fortuna,Gutes Gelingen,Buena fortuna,حظًا سعيدًا,길상여의,Boa fortuna,Удачи и благополучия,吉祥如意,Pomyślność,成就名
achv.name.068,成就名：JFES160 #13,众图创意,コミュニティの創意,Community Creations,Créations de la communauté,Creazioni della community,Community-Kreationen,Creaciones de la comunidad,إبداعات المجتمع,커뮤니티 창작,Criações da comunidade,Работы сообщества,眾圖創意,Prace społeczności,成就名
achv.name.069,成就名：JFES160 #14,轻而易举,朝飯前,Piece of Cake,Un jeu d’enfant,Una passeggiata,Ein Kinderspiel,Pan comido,أمر سهل,식은 죽 먹기,Mamão com açúcar,Проще простого,輕而易舉,Bułka z masłem,成就名
achv.name.070,成就名：JFES160 #15,这又是谁,これは誰だ,Who Is This Now,Qui est-ce encore,Chi è questo,Wer ist das nun,¿Quién es este,من هذا الآن,이번엔 누구지,Quem é este agora,Кто это теперь,這又是誰,Kto to znowu,成就名
achv.name.071,成就名：JFES160 #16,得而复失,得ては失う,Gained Then Lost,Gagné puis perdu,Ottenuto e perso,"Gewonnen, dann verloren",Ganado y perdido,كسبته ثم فقدته,얻었다가 잃었다,Ganhou e perdeu,Получил и потерял,得而復失,Zdobyte i stracone,成就名
achv.name.072,成就名：JFES160 #17,登山漫漫,長い登山,A Long Climb,Une longue ascension,Una lunga scalata,Ein langer Aufstieg,Una larga ascensión,صعود طويل,긴 등산,Uma longa subida,Долгий подъём,登山漫漫,Długa wspinaczka,成就名
achv.name.073,成就名：JFES160 #18,别有洞天,別天地,Another World,Un autre monde,Un altro mondo,Eine andere Welt,Otro mundo,عالم آخر,별천지,Outro mundo,Другой мир,別有洞天,Inny świat,成就名
achv.name.074,成就名：JFES160 #19,出蓝制胜,青で制す,Blue Victory,Victoire bleue,Vittoria blu,Blauer Sieg,Victoria azul,فوز أزرق,파랑으로 승리,Vitória azul,Синяя победа,出藍制勝,Niebieskie zwycięstwo,成就名
achv.name.075,成就名：JFES160 #20,出红制胜,赤で制す,Red Victory,Victoire rouge,Vittoria rossa,Roter Sieg,Victoria roja,فوز أحمر,빨강으로 승리,Vitória vermelha,Красная победа,出紅制勝,Czerwone zwycięstwo,成就名
achv.name.076,成就名：JFES160 #21,盛夏光年,真夏の光年,Midsummer Light-Year,Année-lumière d’été,Anno luce d’estate,Sommer-Lichtjahr,Año luz de verano,سنة ضوئية صيفية,한여름 광년,Ano-luz de verão,Летний световой год,盛夏光年,Letni rok świetlny,成就名
achv.name.077,成就名：JFES160 #22,安然度夏,夏を無事に過ごす,Survive the Summer,Survivre à l’été,Sopravvivi all’estate,Den Sommer überstehen,Sobrevive al verano,انجُ من الصيف,여름을 무사히,Sobreviva ao verão,Пережить лето,安然度夏,Przetrwaj lato,成就名
achv.name.078,成就名：JFES160 #23,速夏速决,夏を素早く決める,Summer Speedrun,Été express,Estate veloce,Sommer-Speedrun,Verano veloz,صيف سريع,여름 스피드런,Verão veloz,Летний спидран,速夏速決,Letni speedrun,成就名
achv.name.079,成就名：JFES160 #24,棋盘之上,盤上の上,On the Board,Sur le plateau,Sulla scacchiera,Auf dem Brett,Sobre el tablero,على الرقعة,판 위에서,Sobre o tabuleiro,На доске,棋盤之上,Na planszy,成就名
achv.name.080,成就名：JFES170 #1,糖豆节,フォールガイズフェス,Fall Guys FES,Fall Guys FES,Fall Guys FES,Fall Guys FES,Fall Guys FES,Fall Guys FES,폴 가이즈 FES,Fall Guys FES,Fall Guys FES,糖豆節,Fall Guys FES,成就名
achv.name.081,成就名：JFES170 #2,庆典云端,セレブの雲上,Celebration Cloud,Nuage de célébration,Nuvola di festa,Festwolke,Nube de celebración,سحابة الاحتفال,축제의 구름,Nuvem de celebração,Праздничное облако,慶典云端,Świąteczna chmura,成就名
achv.name.082,成就名：JFES170 #3,孤注一蛋,一か八かの卵,All-in Egg,Œuf quitte ou double,Uovo tutto o niente,Alles-oder-nichts-Ei,Huevo a todo o nada,بيضة كل شيء أو لا شيء,올인 달걀,Ovo tudo ou nada,Яйцо ва-банк,孤注一蛋,Jajko na całość,成就名
achv.name.083,成就名：JFES170 #4,临门一脚,土壇場の一撃,Last-Minute Kick,Coup de dernière minute,Colpo dell’ultimo minuto,Treffer in letzter Minute,Patada a última hora,ركلة اللحظة الأخيرة,막판 한 방,Chute no último minuto,Удар в последний момент,臨門一腳,Cios w ostatniej chwili,成就名
achv.name.084,成就名：JFES170 #5,抱球取暖,玉を抱えて暖まる,Warm Up with the Ball,Se réchauffer avec la balle,Riscaldarsi con la palla,Mit dem Ball wärmen,Calentarse con el balón,التدفئة بالكرة,공으로 몸 녹이기,Aquecer com a bola,Согреться с мячом,抱球取暖,Ogrzej się piłką,成就名
achv.name.085,成就名：JFES170 #6,穿圈引线,輪を通して糸を通す,Thread the Ring,Enfiler l’anneau,Infilare l’anello,Den Ring durchfädeln,Enhebrar el anillo,ادخل الحلقة,고리에 실 꿰기,Enfie o anel,Продень кольцо,穿圈引線,Przeciągnij przez obręcz,成就名
achv.name.086,成就名：JFES170 #7,魔力转圈,マジック回転,Magic Spin,Tourbillon magique,Giro magico,Magischer Wirbel,Giro mágico,دوران سحري,마법 회전,Giro mágico,Магический вихрь,魔力轉圈,Magiczny obrót,成就名
achv.name.087,成就名：JFES170 #8,球出于蓝,青より出でて青し,Blue Out of Blue,Bleu venu du bleu,Blu dal blu,Blau aus Blau,Azul salido del azul,أزرق من أزرق,청출어람,Azul vindo do azul,Синий из синего,球出于藍,Błękit z błękitu,成就名
achv.name.088,成就名：JFES170 #9,逆水行舟,逆水を行く舟,Against the Current,Contre le courant,Contro corrente,Gegen den Strom,Contra la corriente,عكس التيار,역류하는 배,Contra a corrente,Против течения,逆水行舟,Pod prąd,成就名
achv.name.089,成就名：JFES170 #10,庆典中世纪,セレブ・中世,Celebration Medieval,Célébration médiévale,Celebrazione medievale,Mittelalterliche Feier,Celebración medieval,احتفال قروسطي,중세 축제,Celebração medieval,Праздник Средневековья,慶典中世紀,Święto średniowiecza,成就名
achv.name.090,成就名：JFES170 #11,重蹈覆蛋,同じ轍を踏む卵,Egg in the Same Rut,Œuf dans le même sillon,Uovo nello stesso solco,Ei in der gleichen Spur,Huevo en la misma huella,بيضة على نفس الدرب,같은 길을 다시 가는 달걀,Ovo no mesmo caminho,Яйцо по той же колее,重蹈覆蛋,Jajko w tej samej koleinie,成就名
achv.name.091,成就名：JFES170 #12,金圈再现,金色の輪、再び,Golden Ring Again,L’anneau d’or à nouveau,L’anello d’oro di nuovo,Der goldene Ring wieder,El anillo dorado otra vez,الحلقة الذهبية مجددًا,황금 고리 다시,O anel dourado de novo,Золотое кольцо снова,金圈再現,Złoty pierścień znów,成就名
achv.name.092,成就名：JFES170 #13,庆典冰雪,セレブ・氷雪,Celebration Ice,Célébration glaciale,Celebrazione glaciale,Eisige Feier,Celebración helada,احتفال ثلجي,얼음 축제,Celebração de gelo,Ледяной праздник,慶典冰雪,Święto lodu,成就名
achv.name.093,成就名：JFES170 #14,企鹅快走开,ペンギン、あっち行って,"Penguin, Go Away","Pingouin, va-t’en","Pinguino, vai via","Pinguin, geh weg","Pingüino, vete",أيها البطريق ابتعد,"펭귄, 저리 가","Pinguim, vá embora","Пингвин, уйди",企鵝快走開,"Pingwinie, odejdź",成就名
achv.name.094,成就名：JFES170 #15,万雪归宗,万雪、一宗に帰す,All Snow Returns to One,Toute neige revient à un,Tutta la neve torna a uno,Aller Schnee kehrt zurück,Toda la nieve vuelve a uno,كل الثلج يعود لواحد,모든 눈이 하나로,Toda a neve volta a um,Весь снег возвращается к одному,萬雪歸宗,Cały śnieg wraca do jednego,成就名
achv.name.095,成就名：JFES170 #16,庆典未来,セレブ・未来,Celebration Future,Célébration future,Celebrazione futuristica,Zukunftsfeier,Celebración futura,احتفال مستقبلي,미래 축제,Celebração futurista,Праздник будущего,慶典未來,Święto przyszłości,成就名
achv.name.096,成就名：JFES170 #17,灌篮高手,ダンクの達人,Dunk Master,Maître du dunk,Maestro della schiacciata,Dunk-Meister,Maestro del mate,سيد التسديد,덩크의 달인,Mestre da enterrada,Мастер данка,灌籃高手,Mistrz wsadu,成就名
achv.name.097,成就名：JFES170 #18,给板颜色,板に色を,Paint the Board,Peins la planche,Colora la tavola,Brett anmalen,Pinta el tablero,لوّن اللوح,판에 색칠,Pinte a prancha,Раскрась доску,給板顏色,Pomaluj deskę,成就名
achv.name.098,成就名：JFES170 #19,登钮造极,ボタン登頂,Button Summit,Sommet du bouton,Vetta del pulsante,Knopf-Gipfel,Cumbre del botón,قمة الزر,버튼 정상,Cume do botão,Вершина кнопки,登鈕造極,Szczyt przycisku,成就名
achv.name.099,成就名：JFES170 #20,庆典丛林,セレブ・ジャングル,Celebration Jungle,Célébration jungle,Celebrazione giungla,Dschungelfeier,Celebración selvática,احتفال أدغال,정글 축제,Celebração na selva,Праздник в джунглях,慶典叢林,Święto dżungli,成就名
achv.name.100,成就名：JFES170 #21,一泡冲天,一泡で天へ,One Soak to the Sky,Une trempette et c’est le ciel,Un tuffo al cielo,Ein Sprung in den Himmel,Un chapuzón al cielo,غمرة إلى السماء,한 방에 하늘로,Um mergulho ao céu,Один нырок — и в небо,一泡沖天,Jedno zanurzenie i w niebo,成就名
achv.name.101,成就名：JFES170 #22,企鹅别过来,ペンギン、こっち来ないで,"Penguin, Don’t Come Here","Pingouin, ne viens pas","Pinguino, non venire","Pinguin, komm nicht her","Pingüino, no vengas",أيها البطريق لا تقترب,"펭귄, 오지 마","Pinguim, não venha","Пингвин, не подходи",企鵝別過來,"Pingwinie, nie podchodź",成就名
achv.name.102,成就名：JFES170 #23,庆典派对,セレブ・パーティー,Celebration Party,Fête de célébration,Festa di celebrazione,Festparty,Fiesta de celebración,حفلة احتفال,축제 파티,Festa de celebração,Праздничная вечеринка,慶典派對,Impreza świąteczna,成就名
achv.name.103,成就名：JFES170 #24,分分必争,一点必争,Every Point Counts,Chaque point compte,Ogni punto conta,Jeder Punkt zählt,Cada punto cuenta,كل نقطة مهمة,1점도 놓치지 않기,Cada ponto conta,Каждое очко на счету,分分必爭,Każdy punkt się liczy,成就名
achv.name.104,成就名：JFES170 #25,追光使者,光を追う使者,Light Chaser,Chasseur de lumière,Inseguitore di luce,Lichtjäger,Cazador de luz,مطارد الضوء,빛을 쫓는 사자,Caçador de luz,Ловец света,追光使者,Łowca światła,成就名
achv.name.105,成就名：JFES170 #26,庆典运动会,セレブ・運動会,Celebration Sports Day,Fête sportive,Festa dello sport,Sportfest,Fiesta deportiva,مهرجان رياضي,운동회 축제,Festa esportiva,Праздник спорта,慶典運動會,Święto sportu,成就名
achv.name.106,成就名：JFES170 #27,一圈不漏,一輪も漏らさない,Not a Single Ring Missed,Pas un seul anneau manqué,Neanche un anello mancato,Keinen Ring verpasst,Ni un solo anillo fallado,لا تفوّت حلقة,고리 하나도 놓치지 않기,Nem um anel perdido,Ни одного кольца,一圈不漏,Ani jednego pierścienia,成就名
achv.name.107,成就名：JFES170 #28,虚空扣杀,虚空のスパイク,Void Spike,Smash du vide,Schiacciata nel vuoto,Leere-Schmetterball,Remate al vacío,إرسال في الفراغ,허공 스파이크,Cortada no vazio,Удар в пустоту,虛空扣殺,Zbicie w pustce,成就名
achv.name.108,成就名：JFES170 #29,庆典太空,セレブ・宇宙,Celebration Space,Célébration spatiale,Celebrazione spaziale,Weltraumfeier,Celebración espacial,احتفال فضائي,우주 축제,Celebração espacial,Космический праздник,慶典太空,Święto kosmosu,成就名
achv.name.109,成就名：JFES170 #30,触摸未来,未来に触れる,Touch the Future,Toucher le futur,Toccare il futuro,Die Zukunft berühren,Tocar el futuro,المس المستقبل,미래를 만지다,Toque o futuro,Прикоснуться к будущему,觸摸未來,Dotknij przyszłości,成就名
achv.name.110,成就名：JFES170 #31,图个新鲜,新鮮な一枚,Something Fresh,Une image fraîche,Qualcosa di fresco,Etwas Frisches,Algo fresco,شيء طازج,새로운 한 장,Algo fresco,Что-то свежее,圖個新鮮,Coś świeżego,成就名
achv.name.111,成就名：JFES170 #32,庆典深海,セレブ・深海,Celebration Deep Sea,Célébration des abysses,Celebrazione abissale,Tiefseefeier,Celebración abisal,احتفال أعماق البحر,심해 축제,Celebração abissal,Праздник глубин,慶典深海,Święto głębin,成就名
achv.name.112,成就名：JFES170 #33,十圈十美,十輪十美,Perfect Ten Rings,Dix anneaux parfaits,Dieci anelli perfetti,Zehn perfekte Ringe,Diez anillos perfectos,عشر حلقات مثالية,완벽한 열 고리,Dez anéis perfeitos,Десять идеальных колец,十圈十美,Dziesięć idealnych pierścieni,成就名
achv.name.113,成就名：JFES170 #34,六周年庆,六周年記念,Sixth Anniversary,Sixième anniversaire,Sesto anniversario,Sechstes Jubiläum,Sexto aniversario,الذكرى السادسة,6주년 기념,Sexto aniversário,Шестая годовщина,六周年慶,Szósta rocznica,成就名
achv.name.114,成就名：JFES170 #35,目眩山巅Z,目眩の山頂Z,Dizzy Summit Z,Sommet vertigineux Z,Vetta vertiginosa Z,Schwindelgipfel Z,Cumbre vertiginosa Z,قمة دوارة Z,아찔한 산정 Z,Cume vertiginoso Z,Головокружительная вершина Z,目眩山巔Z,Oszałamiający szczyt Z,成就名
achv.name.115,成就名：JFES170 #36,连躲带落Z,避けて落ちるZ,Dodge and Drop Z,Esquive et chute Z,Schiva e cadi Z,Ausweichen und fallen Z,Esquiva y cae Z,تفادَ واسقط Z,피하고 떨어지기 Z,Esquive e caia Z,Уклоняйся и падай Z,連躲帶落Z,Unikaj i spadaj Z,成就名
achv.name.116,成就名：JFES170 #37,五花八门Z,五花八門Z,All Sorts Z,Toutes sortes Z,Ogni sorta Z,Allerlei Z,Toda clase Z,كل الأنواع Z,갖가지 Z,De todo um pouco Z,Всякая всячина Z,五花八門Z,Wszelkiego rodzaju Z,成就名
achv.name.117,成就名：JFES170 #38,障碍狂欢Z,障害カーニバルZ,Obstacle Carnival Z,Carnaval d’obstacles Z,Carnevale di ostacoli Z,Hindernis-Karneval Z,Carnaval de obstáculos Z,كرنفال العوائق Z,장애물 카니발 Z,Carnaval de obstáculos Z,Карнавал препятствий Z,障礙狂歡Z,Karnawał przeszkód Z,成就名
achv.name.118,成就名：JFES170 #39,跷跷板Z,シーソーZ,Seesaw Z,Balançoire Z,Altalena Z,Wippe Z,Balancín Z,الأرجوحة Z,시소 Z,Gangorra Z,Качели Z,蹺蹺板Z,Huśtawka Z,成就名
achv.name.119,成就名：JFES170 #40,水涨爬高Z,水増し登りZ,Rising Water Climb Z,Montée des eaux Z,Scalata delle acque Z,Steigendes Wasser Z,Subida del agua Z,تسلق الماء Z,물 오르는 등반 Z,Subida da água Z,Подъём воды Z,水漲爬高Z,Wspinaczka w wodzie Z,成就名
achv.name.120,成就名：JFES170 #41,旋转木马Z,メリーゴーランドZ,Carousel Z,Carrousel Z,Giostra Z,Karussell Z,Carrusel Z,الدوامة Z,회전목마 Z,Carrossel Z,Карусель Z,旋轉木馬Z,Karuzela Z,成就名
achv.name.121,成就名：JFES170 #42,踮踮脚尖Z,つま先立ちZ,Tiptoe Z,Sur la pointe des pieds Z,In punta di piedi Z,Auf Zehenspitzen Z,De puntillas Z,على أطراف الأصابع Z,발끝으로 Z,Na ponta dos pés Z,На цыпочках Z,踮踮腳尖Z,Na palcach Z,成就名
achv.name.122,成就名：JFES170 #43,骑士狂热Z,ナイトフィーバーZ,Knight Fever Z,Fièvre du chevalier Z,Febbre del cavaliere Z,Ritterfieber Z,Fiebre del caballero Z,حمى الفارس Z,기사 열풍 Z,Febre do cavaleiro Z,Рыцарская лихорадка Z,騎士狂熱Z,Gorączka rycerza Z,成就名
achv.name.123,成就名：JFES170 #44,攀墙豆士Z,ウォールクライマーZ,Wall Climber Z,Grimpeur de murs Z,Scalatore di muri Z,Wandkletterer Z,Escalador de muros Z,متسلق الجدران Z,벽 타는 콩 Z,Escalador de paredes Z,Скалолаз Z,攀墻豆士Z,Wspinacz ścian Z,成就名
achv.name.124,成就名：JFES170 #45,大风车转转转Z,大風車グルグルZ,Windmill Spin Z,Moulin qui tourne Z,Mulino che gira Z,Windrad dreht sich Z,Molino girando Z,الطاحونة تدور Z,풍차 빙글빙글 Z,Moinho girando Z,Мельница крутится Z,大風車轉轉轉Z,Wiatrak się kręci Z,成就名
achv.name.125,成就名：JFES170 #46,严寒冰峰Z,極寒の氷峰Z,Frozen Peak Z,Pic glacé Z,Vetta gelida Z,Eiskalter Gipfel Z,Pico helado Z,القمة المتجمدة Z,혹한의 빙봉 Z,Pico congelado Z,Ледяная вершина Z,嚴寒冰峰Z,Mroźny szczyt Z,成就名
achv.name.126,成就名：JFES170 #47,苔原冲关Z,ツンドラアタックZ,Tundra Dash Z,Sprint de la toundra Z,Corsa nella tundra Z,Tundra-Ansturm Z,Carrera en la tundra Z,اندفاع التندرا Z,툰드라 돌파 Z,Corrida na tundra Z,Бросок по тундре Z,苔原沖關Z,Bieg po tundrze Z,成就名
achv.name.127,成就名：JFES170 #48,滚滚而去Z,転がり去るZ,Roll Away Z,Roule au loin Z,Rotola via Z,Roll davon Z,Rueda y vete Z,تدحرج بعيدًا Z,굴러가기 Z,Role para longe Z,Укатись Z,滾滾而去Z,Tocz się Z,成就名
achv.name.128,成就名：JFES170 #49,田径短路Z,陸上ショートZ,Track Shortcut Z,Raccourci d’athlétisme Z,Scorciatoia atletica Z,Leichtathletik-Abkürzung Z,Atajo atlético Z,مختصر ألعاب القوى Z,육상 지름길 Z,Atalho de atletismo Z,Легкоатлетический срез Z,田徑短路Z,Skrót lekkoatletyczny Z,成就名
achv.name.129,成就名：JFES170 #50,天际大冲关Z,スカイラインアタックZ,Skyline Dash Z,Sprint du ciel Z,Corsa del cielo Z,Skyline-Ansturm Z,Carrera del cielo Z,اندفاع الأفق Z,스카이라인 돌파 Z,Corrida no horizonte Z,Небесный бросок Z,天際大沖關Z,Bieg po horyzoncie Z,成就名
achv.name.130,成就名：JFES170 #51,摩天黏液Z,摩天楼スライムZ,Skyscraper Slime Z,Slime des gratte-ciels Z,Slime dei grattacieli Z,Wolkenkratzer-Schleim Z,Limo de rascacielos Z,وحل ناطحات السحاب Z,마천루 슬라임 Z,Gosma dos arranha-céus Z,Слизь небоскрёбов Z,摩天黏液Z,Śluz wieżowców Z,成就名
achv.name.131,成就名：JFES170 #52,林间跃动Z,森のジャンプZ,Forest Leap Z,Saut des bois Z,Salto nel bosco Z,Waldsprung Z,Salto del bosque Z,قفزة الغابة Z,숲속 도약 Z,Salto na floresta Z,Лесной прыжок Z,林間躍動Z,Skok w lesie Z,成就名
achv.name.132,成就名：JFES170 #53,丛林探险Z,ジャングル探検Z,Jungle Expedition Z,Expédition en jungle Z,Spedizione nella giungla Z,Dschungel-Expedition Z,Expedición en la selva Z,رحلة الأدغال Z,정글 탐험 Z,Expedição na selva Z,Экспедиция в джунглях Z,叢林探險Z,Wyprawa do dżungli Z,成就名
achv.name.133,成就名：JFES170 #54,摇晃转盘Z,揺れるターンテーブルZ,Wobbly Turntable Z,Plateau branlant Z,Giradischi traballante Z,Wackel-Drehteller Z,Plataforma tambaleante Z,القرص المتأرجح Z,흔들리는 턴테이블 Z,Prato giratório instável Z,Шаткая вертушка Z,搖晃轉盤Z,Chwiejny obrotowy Z,成就名
achv.name.134,成就名：JFES170 #55,派对大道Z,パーティー大通りZ,Party Boulevard Z,Boulevard de la fête Z,Viale della festa Z,Partyprachtstraße Z,Bulevar de fiesta Z,جادة الحفلة Z,파티 대로 Z,Avenida da festa Z,Праздничный бульвар Z,派對大道Z,Bulwar imprezy Z,成就名
achv.name.135,成就名：JFES170 #56,梦幻管道Z,夢のパイプZ,Dream Pipe Z,Tuyau de rêve Z,Tubo dei sogni Z,Traumröhre Z,Tubería de ensueño Z,أنبوب الحلم Z,꿈의 파이프 Z,Tubo dos sonhos Z,Труба мечты Z,夢幻管道Z,Rura marzeń Z,成就名
achv.name.136,成就名：JFES170 #57,高速赛道Z,ハイウェイコースZ,Highway Course Z,Circuit rapide Z,Circuito veloce Z,Schnellstrecke Z,Circuito veloz Z,حلبة سريعة Z,고속 트랙 Z,Pista veloz Z,Скоростная трасса Z,高速賽道Z,Szybki tor Z,成就名
achv.name.137,成就名：JFES170 #58,障碍田径赛Z,障害陸上競技Z,Obstacle Track Z,Athlétisme d’obstacles Z,Atletica a ostacoli Z,Hindernis-Leichtathletik Z,Atletismo con obstáculos Z,ألعاب قوى بالعوائق Z,장애물 육상 Z,Atletismo com obstáculos Z,Легкоатлетический барьер Z,障礙田徑賽Z,Lekkoatletyka z przeszkodami Z,成就名
achv.name.138,成就名：JFES170 #59,星际快道Z,スター高速道Z,Star Speedway Z,Voie rapide stellaire Z,Pista stellare Z,Sternenschnellweg Z,Autopista estelar Z,الطريق النجمي Z,성간 고속도로 Z,Via rápida estelar Z,Звёздная трасса Z,星際快道Z,Gwiezdny tor Z,成就名
achv.name.139,成就名：JFES170 #60,太空竞速Z,宇宙レースZ,Space Race Z,Course spatiale Z,Corsa spaziale Z,Weltraumrennen Z,Carrera espacial Z,سباق الفضاء Z,우주 레이스 Z,Corrida espacial Z,Космическая гонка Z,太空競速Z,Wyścig kosmiczny Z,成就名
achv.name.140,成就名：JFES170 #61,糖豆坡上飞Z,ビーン坂飛びZ,Bean Slope Flyer Z,Vol sur la pente Z,Volo sulla salita Z,Bean-Hangflug Z,Vuelo en la cuesta Z,طيران على المنحدر Z,콩 언덕 비행 Z,Voo na rampa Z,Полёт с горки Z,糖豆坡上飛Z,Lot na zboczu Z,成就名
achv.name.141,成就名：JFES170 #62,逆向专家,リバースエキスパート,Reverse Expert,Expert Inversé,Esperto Inverso,Umgekehrter Experte,Experto Inverso,خبير معكوس,리버스 전문가,Especialista Invertido,Обратный эксперт,逆向專家,Odwrócony ekspert,成就名
achv.name.142,成就名：JFES170 #63,逆向云端,リバースクラウド,Reverse Cloud,Nuage Inversé,Nuvola Inversa,Umgekehrte Wolke,Nube Inversa,سحابة معكوسة,리버스 클라우드,Nuvem Invertida,Обратное облако,逆向云端,Odwrócona chmura,成就名
achv.name.143,成就名：JFES170 #64,逆向中世纪,リバース中世,Reverse Medieval,Médiéval Inversé,Medievale Inverso,Umgekehrtes Mittelalter,Medieval Inverso,قروسطي معكوس,리버스 중세,Medieval Invertido,Обратное Средневековье,逆向中世紀,Odwrócone średniowiecze,成就名
achv.name.144,成就名：JFES170 #65,逆向冰雪,リバース氷雪,Reverse Ice,Glace Inversée,Ghiaccio Inverso,Umgekehrtes Eis,Hielo Inverso,جليد معكوس,리버스 얼음,Gelo Invertido,Обратный лёд,逆向冰雪,Odwrócony lód,成就名
achv.name.145,成就名：JFES170 #66,逆向未来,リバース未来,Reverse Future,Futur Inversé,Futuro Inverso,Umgekehrte Zukunft,Futuro Inverso,مستقبل معكوس,리버스 미래,Futuro Invertido,Обратное будущее,逆向未來,Odwrócona przyszłość,成就名
achv.name.146,成就名：JFES170 #67,逆向丛林,リバースジャングル,Reverse Jungle,Jungle Inversée,Giungla Inversa,Umgekehrter Dschungel,Selva Inversa,أدغال معكوسة,리버스 정글,Selva Invertida,Обратные джунгли,逆向叢林,Odwrócona dżungla,成就名
achv.name.147,成就名：JFES170 #68,逆向派对,リバースパーティー,Reverse Party,Fête Inversée,Festa Inversa,Umgekehrte Party,Fiesta Inversa,حفلة معكوسة,리버스 파티,Festa Invertida,Обратная вечеринка,逆向派對,Odwrócona impreza,成就名
achv.name.148,成就名：JFES170 #69,逆向运动会,リバース運動会,Reverse Sports Day,Journée Sportive Inversée,Giornata Sportiva Inversa,Umgekehrter Sporttag,Día Deportivo Inverso,يوم رياضي معكوس,리버스 운동회,Dia Esportivo Invertido,Обратный спортивный день,逆向運動會,Odwrócony dzień sportu,成就名
achv.name.149,成就名：JFES170 #70,逆向太空,リバース宇宙,Reverse Space,Espace Inversé,Spazio Inverso,Umgekehrter Weltraum,Espacio Inverso,فضاء معكوس,리버스 우주,Espaço Invertido,Обратный космос,逆向太空,Odwrócony kosmos,成就名
achv.name.150,成就名：JFES170 #71,逆向深海,リバース深海,Reverse Deep Sea,Abysses Inversés,Abissi Inversi,Umgekehrte Tiefsee,Abismo Inverso,أعماق بحر معكوسة,리버스 심해,Abismo Invertido,Обратные глубины,逆向深海,Odwrócone głębiny,成就名
achv.name.151,成就名：JFES170 #72,极速专家,スピードエキスパート,Speed Expert,Expert en Vitesse,Esperto in Velocità,Tempo-Experte,Experto en Velocidad,خبير في السرعة,스피드 전문가,Especialista em Velocidade,Эксперт по скорости,極速專家,Ekspert od szybkości,成就名
achv.name.152,成就名：JFES170 #73,极速云端,スピードクラウド,Speed Cloud,Nuage de Vitesse,Nuvola di Velocità,Tempo-Wolke,Nube Veloz,سحابة سريعة,스피드 클라우드,Nuvem de Velocidade,Скоростное облако,極速云端,Szybka chmura,成就名
achv.name.153,成就名：JFES170 #74,极速中世纪,スピード中世,Speed Medieval,Médiéval de Vitesse,Medievale di Velocità,Tempo-Mittelalter,Medieval Veloz,قروسطي سريع,스피드 중세,Medieval de Velocidade,Скоростное Средневековье,極速中世紀,Szybkie średniowiecze,成就名
achv.name.154,成就名：JFES170 #75,极速冰雪,スピード氷雪,Speed Ice,Glace de Vitesse,Ghiaccio di Velocità,Tempo-Eis,Hielo Veloz,جليد سريع,스피드 얼음,Gelo de Velocidade,Скоростной лёд,極速冰雪,Szybki lód,成就名
achv.name.155,成就名：JFES170 #76,极速未来,スピード未来,Speed Future,Futur de Vitesse,Futuro di Velocità,Tempo-Zukunft,Futuro Veloz,مستقبل سريع,스피드 미래,Futuro de Velocidade,Скоростное будущее,極速未來,Szybka przyszłość,成就名
achv.name.156,成就名：JFES170 #77,极速丛林,スピードジャングル,Speed Jungle,Jungle de Vitesse,Giungla di Velocità,Tempo-Dschungel,Selva Veloz,أدغال سريعة,스피드 정글,Selva de Velocidade,Скоростные джунгли,極速叢林,Szybka dżungla,成就名
achv.name.157,成就名：JFES170 #78,极速派对,スピードパーティー,Speed Party,Fête de Vitesse,Festa di Velocità,Tempo-Party,Fiesta Veloz,حفلة سريعة,스피드 파티,Festa de Velocidade,Скоростная вечеринка,極速派對,Szybka impreza,成就名
achv.name.158,成就名：JFES170 #79,极速运动会,スピード運動会,Speed Sports Day,Journée Sportive de Vitesse,Giornata Sportiva di Velocità,Tempo-Sporttag,Día Deportivo Veloz,يوم رياضي سريع,스피드 운동회,Dia Esportivo de Velocidade,Скоростной спортивный день,極速運動會,Szybki dzień sportu,成就名
achv.name.159,成就名：JFES170 #80,极速太空,スピード宇宙,Speed Space,Espace de Vitesse,Spazio di Velocità,Tempo-Weltraum,Espacio Veloz,فضاء سريع,스피드 우주,Espaço de Velocidade,Скоростной космос,極速太空,Szybki kosmos,成就名
achv.name.160,成就名：JFES170 #81,极速深海,スピード深海,Speed Deep Sea,Abysses de Vitesse,Abissi di Velocità,Tempo-Tiefsee,Abismo Veloz,أعماق بحر سريعة,스피드 심해,Abismo de Velocidade,Скоростные глубины,極速深海,Szybkie głębiny,成就名
achv.name.161,成就名：JFES170 #82,绝命专家,絶命エキスパート,Crisis Expert,Expert en Crise,Esperto in Crisi,Krisen-Experte,Experto en Crisis,خبير في الأزمة,위기 전문가,Especialista em Crise,Эксперт по кризису,絕命專家,Ekspert od kryzysu,成就名
achv.name.162,成就名：JFES170 #83,绝命云端,絶命クラウド,Crisis Cloud,Nuage de Crise,Nuvola di Crisi,Krisen-Wolke,Nube de Crisis,سحابة أزمة,위기 클라우드,Nuvem de Crise,Кризисное облако,絕命云端,Kryzysowa chmura,成就名
achv.name.163,成就名：JFES170 #84,绝命中世纪,絶命中世,Crisis Medieval,Médiéval de Crise,Medievale di Crisi,Krisen-Mittelalter,Medieval de Crisis,قروسطي أزمة,위기 중세,Medieval de Crise,Кризисное Средневековье,絕命中世紀,Kryzysowe średniowiecze,成就名
achv.name.164,成就名：JFES170 #85,绝命冰雪,絶命氷雪,Crisis Ice,Glace de Crise,Ghiaccio di Crisi,Krisen-Eis,Hielo de Crisis,جليد أزمة,위기 얼음,Gelo de Crise,Кризисный лёд,絕命冰雪,Kryzysowy lód,成就名
achv.name.165,成就名：JFES170 #86,绝命未来,絶命未来,Crisis Future,Futur de Crise,Futuro di Crisi,Krisen-Zukunft,Futuro de Crisis,مستقبل أزمة,위기 미래,Futuro de Crise,Кризисное будущее,絕命未來,Kryzysowa przyszłość,成就名
achv.name.166,成就名：JFES170 #87,绝命丛林,絶命ジャングル,Crisis Jungle,Jungle de Crise,Giungla di Crisi,Krisen-Dschungel,Selva de Crisis,أدغال أزمة,위기 정글,Selva de Crise,Кризисные джунгли,絕命叢林,Kryzysowa dżungla,成就名
achv.name.167,成就名：JFES170 #88,绝命派对,絶命パーティー,Crisis Party,Fête de Crise,Festa di Crisi,Krisen-Party,Fiesta de Crisis,حفلة أزمة,위기 파티,Festa de Crise,Кризисная вечеринка,絕命派對,Kryzysowa impreza,成就名
achv.name.168,成就名：JFES170 #89,绝命运动会,絶命運動会,Crisis Sports Day,Journée Sportive de Crise,Giornata Sportiva di Crisi,Krisen-Sporttag,Día Deportivo de Crisis,يوم رياضي أزمة,위기 운동회,Dia Esportivo de Crise,Кризисный спортивный день,絕命運動會,Kryzysowy dzień sportu,成就名
achv.name.169,成就名：JFES170 #90,绝命太空,絶命宇宙,Crisis Space,Espace de Crise,Spazio di Crisi,Krisen-Weltraum,Espacio de Crisis,فضاء أزمة,위기 우주,Espaço de Crise,Кризисный космос,絕命太空,Kryzysowy kosmos,成就名
achv.name.170,成就名：JFES170 #91,绝命深海,絶命深海,Crisis Deep Sea,Abysses de Crise,Abissi di Crisi,Krisen-Tiefsee,Abismo de Crisis,أعماق بحر أزمة,위기 심해,Abismo de Crise,Кризисные глубины,絕命深海,Kryzysowe głębiny,成就名
achv.name.171,成就名：JFES170 #92,超级糖豆人,スーパーフォールガイ,Super Fall Guy,Super Fall Guy,Super Fall Guy,Super-Fall-Guy,Super Fall Guy,Fall Guy خارق,슈퍼 폴 가이,Super Fall Guy,Супер Fall Guy,超級糖豆人,Super Fall Guy,成就名
achv.name.172,成就名：JFES170 #93,专家云端,エキスパートクラウド,Expert Cloud,Expert en Nuage,Esperto in Nuvola,Experte für Wolke,Experto en Nube,خبير في سحابة,전문가 클라우드,Especialista em Nuvem,Эксперт по облакам,專家云端,Ekspert od chmur,成就名
achv.name.173,成就名：JFES170 #94,专家中世纪,エキスパート中世,Expert Medieval,Expert en Médiéval,Esperto in Medievale,Experte für Mittelalter,Experto en Medieval,خبير في قروسطي,전문가 중세,Especialista em Medieval,Эксперт по Средневековью,專家中世紀,Ekspert od średniowiecza,成就名
achv.name.174,成就名：JFES170 #95,专家冰雪,エキスパート氷雪,Expert Ice,Expert en Glace,Esperto in Ghiaccio,Experte für Eis,Experto en Hielo,خبير في جليد,전문가 얼음,Especialista em Gelo,Эксперт по льду,專家冰雪,Ekspert od lodu,成就名
achv.name.175,成就名：JFES170 #96,专家未来,エキスパート未来,Expert Future,Expert en Futur,Esperto in Futuro,Experte für Zukunft,Experto en Futuro,خبير في مستقبل,전문가 미래,Especialista em Futuro,Эксперт по будущему,專家未來,Ekspert od przyszłości,成就名
achv.name.176,成就名：JFES170 #97,专家丛林,エキスパートジャングル,Expert Jungle,Expert en Jungle,Esperto in Giungla,Experte für Dschungel,Experto en Selva,خبير في أدغال,전문가 정글,Especialista em Selva,Эксперт по джунглям,專家叢林,Ekspert od dżungli,成就名
achv.name.177,成就名：JFES170 #98,专家派对,エキスパートパーティー,Expert Party,Expert en Fête,Esperto in Festa,Experte für Party,Experto en Fiesta,خبير في حفلة,전문가 파티,Especialista em Festa,Эксперт по вечеринкам,專家派對,Ekspert od imprez,成就名
achv.name.178,成就名：JFES170 #99,专家运动会,エキスパート運動会,Expert Sports Day,Expert en Journée Sportive,Esperto in Giornata Sportiva,Experte für Sporttag,Experto en Día Deportivo,خبير في يوم رياضي,전문가 운동회,Especialista em Dia Esportivo,Эксперт по спортивному дню,專家運動會,Ekspert od dnia sportu,成就名
achv.name.179,成就名：JFES170 #100,专家太空,エキスパート宇宙,Expert Space,Expert en Espace,Esperto in Spazio,Experte für Weltraum,Experto en Espacio,خبير في فضاء,전문가 우주,Especialista em Espaço,Эксперт по космосу,專家太空,Ekspert od kosmosu,成就名
achv.name.180,成就名：JFES170 #101,专家深海,エキスパート深海,Expert Deep Sea,Expert en Abysses,Esperto in Abissi,Experte für Tiefsee,Experto en Abismo,خبير في أعماق بحر,전문가 심해,Especialista em Abismo,Эксперт по глубинам,專家深海,Ekspert od głębin,成就名
achv.name.181,成就名：JFES175 #1,美术馆一游,美術館めぐり,A Trip to the Art Museum,Visite du musée,Gita al museo,Ein Ausflug ins Museum,Visita al museo,زيارة إلى المتحف,미술관 나들이,Visita ao museu,Прогулка в музей,美術館一游,Wizyta w muzeum,成就名
achv.name.182,成就名：JFES175 #3,色欲,色欲,Lust,Luxure,Lussuria,Wollust,Lujuria,الشهوة,색욕,Luxúria,Похоть,色欲,Pożądliwość,成就名
achv.name.183,成就名：JFES175 #4,贪婪,強欲,Greed,Avarice,Avarizia,Gier,Avaricia,الطمع,탐욕,Ganância,Жадность,貪婪,Chciwość,成就名
achv.name.184,成就名：JFES175 #5,忧郁,憂鬱,Melancholy,Mélancolie,Malinconia,Melancholie,Melancolía,الكآبة,우울,Melancolia,Уныние,憂郁,Melancholia,成就名
achv.name.185,成就名：JFES175 #6,嫉妒,嫉妬,Envy,Envie,Invidia,Neid,Envidia,الحسد,질투,Inveja,Зависть,嫉妒,Zazdrość,成就名
achv.name.186,成就名：JFES175 #7,欲望,欲望,Desire,Désir,Desiderio,Verlangen,Deseo,الرغبة,욕망,Desejo,Желание,欲望,Pożądanie,成就名
achv.name.187,成就名：JFES175 #8,猪鼻发现者,豚鼻発見者,Pig-Nose Finder,Découvreur de groins,Scopritore di nasi,Schweinenasen-Entdecker,Descubridor de narices,مكتشف أنوف الخنازير,돼지코 발견자,Descobridor de narizes,Искатель свиных носов,豬鼻發現者,Odkrywca świńskich nosów,成就名
achv.name.188,成就名：JFES175 #9,猪鼻清理者,豚鼻掃除者,Pig-Nose Cleaner,Nettoyeur de groins,Ripulitore di nasi,Schweinenasen-Reiniger,Limpiador de narices,منظّف أنوف الخنازير,돼지코 정리자,Limpador de narizes,Чистильщик свиных носов,豬鼻清理者,Czyściciel świńskich nosów,成就名
achv.name.189,成就名：JFES175 #10,猪鼻终结者,豚鼻終結者,Pig-Nose Terminator,Terminateur de groins,Terminatore di nasi,Schweinenasen-Terminator,Terminador de narices,مُنهي أنوف الخنازير,돼지코 터미네이터,Terminador de narizes,Терминатор свиных носов,豬鼻終結者,Terminator świńskich nosów,成就名
achv.name.190,成就名：JFES175 #11,局部动态技术,局部動的技術,Local Dynamic Tech,Technologie dynamique locale,Tecnologia dinamica locale,Lokale dynamische Technik,Tecnología dinámica local,تقنية ديناميكية محلية,국부 동적 기술,Tecnologia dinâmica local,Локальная динамическая технология,局部動態技術,Lokalna technika dynamiczna,成就名
achv.name.191,成就名：JFES175 #12,精神状态极佳,精神状態は絶好調,Mentally Excellent,Mental au top,Mentalmente ottimo,Geistig topfit,Mentalmente excelente,حالة ذهنية ممتازة,정신 상태 최고,Mentalmente excelente,Отличное состояние духа,精神狀態極佳,Doskonała kondycja psychiczna,成就名
achv.name.192,成就名：JFES175 #13,友情勇气成长,友情・勇気・成長,"Friendship, Courage, Growth","Amitié, courage, croissance","Amicizia, coraggio, crescita","Freundschaft, Mut, Wachstum","Amistad, valor, crecimiento",صداقة وشجاعة ونمو,"우정, 용기, 성장","Amizade, coragem, crescimento","Дружба, смелость, рост",友情勇氣成長,"Przyjaźń, odwaga, wzrost",成就名
achv.name.193,成就名：JFES175 #14,世界绕猫打转,世界は猫を中心に回る,The World Revolves Around Cats,Le monde tourne autour des chats,Il mondo gira intorno ai gatti,Die Welt dreht sich um Katzen,El mundo gira alrededor de los gatos,العالم يدور حول القطط,세상은 고양이 중심,O mundo gira em torno dos gatos,Мир вращается вокруг кошек,世界繞貓打轉,Świat kręci się wokół kotów,成就名
achv.name.194,成就名：JFES180 #1,奥林皮革,オリンピッグ・レザー,Olympig Leather,Cuir Olympig,Pelle Olympig,Olympig-Leder,Cuero Olympig,جلد Olympig,올림피그 가죽,Couro Olympig,Кожа Olympig,奧林皮革,Skóra Olympig,成就名
achv.name.195,成就名：JFES180 #2,教堂,教会,Church,Église,Chiesa,Kirche,Iglesia,كنيسة,교회,Igreja,Церковь,教堂,Kościół,成就名
achv.name.196,成就名：JFES180 #3,斗猪场,闘豚場,Pig Arena,Arène des cochons,Arena dei maiali,Schweinearena,Arena de cerdos,حلبة الخنازير,돼지 투기장,Arena dos porcos,Свиная арена,斗豬場,Arena świń,成就名
achv.name.197,成就名：JFES180 #4,斜塔,斜塔,Leaning Tower,Tour penchée,Torre pendente,Schiefer Turm,Torre inclinada,البرج المائل,기울어진 탑,Torre inclinada,Падающая башня,斜塔,Krzywa wieża,成就名
achv.name.198,成就名：JFES180 #5,神像,神像,Idol Statue,Statue d’idole,Statua idol,Götzenstatue,Estatua ídolo,تمثال الصنم,신상,Estátua de ídolo,Идол,神像,Posąg bożka,成就名
achv.name.199,成就名：JFES180 #6,鼻塔,鼻の塔,Nose Tower,Tour du nez,Torre del naso,Nasenturm,Torre de la nariz,برج الأنف,코 탑,Torre do nariz,Башня носа,鼻塔,Wieża nosa,成就名
achv.name.200,成就名：JFES180 #7,大猪钟,大豚時計,Big Pig Clock,Grande horloge du cochon,Grande orologio del maiale,Große Schweineuhr,Gran reloj del cerdo,ساعة الخنزير الكبرى,대돼지 시계,Grande relógio do porco,Большие свиные часы,大豬鐘,Wielki świński zegar,成就名
achv.name.201,成就名：JFES180 #8,猪字塔,豚文字ピラミッド,Pig Glyph Pyramid,Pyramide aux hiéroglyphes de cochon,Piramide dei geroglifici di maiale,Schweinehieroglyphen-Pyramide,Pirámide de jeroglíficos de cerdo,هرم رموز الخنزير,돼지 문자 피라미드,Pirâmide de hieróglifos de porco,Пирамида свиных иероглифов,豬字塔,Piramida świńskich hieroglifów,成就名
achv.name.202,成就名：JFES180 #9,猪庙,豚寺,Pig Temple,Temple du cochon,Tempio del maiale,Schweinetempel,Templo del cerdo,معبد الخنزير,돼지 사원,Templo do porco,Свиной храм,豬廟,Świńska świątynia,成就名
achv.name.203,成就名：JFES180 #10,火炬手,聖火ランナー,Torchbearer,Porteur de flamme,Portatore di fiaccola,Fackelträger,Portador de la antorcha,حامل الشعلة,성화 봉송자,Portador da tocha,Факелоносец,火炬手,Nosiciel pochodni,成就名
achv.name.204,成就名：JFES190 #1,就导弹,ミサイルでどうぞ,Missile Time,Place au missile,Arriva il missile,Raketen an,Que vengan los misiles,حان وقت الصواريخ,미사일 발사,Hora do míssil,Время ракет,就導彈,Czas rakiet,成就名
achv.name.205,成就名：JFES190 #2,彼岸咔嚓,彼岸カシャ,Snap of the Beyond,Photo de l’au-delà,Scatto dell’aldilà,Schnappschuss des Jenseits,Foto del más allá,لقطة الآخرة,저승의 찰칵,Clique do além,Щелчок загробья,彼岸咔嚓,Zdjęcie zaświatów,成就名
achv.name.206,成就名：JFES190 #3,掠空一瞥,空を掠める一瞥,A Glimpse in the Sky,Un aperçu dans le ciel,Un’occhiata nel cielo,Ein Blick am Himmel,Un vistazo en el cielo,لمحة في السماء,하늘의 한눈,Um vislumbre no céu,Взгляд в небе,掠空一瞥,Spojrzenie na niebie,成就名
achv.name.207,成就名：JFES190 #4,捷足先拍,先手必撮,First to Snap,Premier à photographier,Primo a scattare,Erster Schnappschuss,El primero en disparar,أول من يلتقط,먼저 찍기,Primeiro a clicar,Первым снять,捷足先拍,Pierwszy na zdjęciu,成就名
achv.name.208,成就名：JFES190 #5,笑果入镜,笑いが映る,Laughter in Frame,Le rire dans le cadre,Risata nell’inquadratura,Lachen im Bild,La risa en el encuadre,ضحكة في الكادر,웃음이 프레임에,Riso no quadro,Смех в кадре,笑果入鏡,Śmiech w kadrze,成就名
achv.name.209,成就名：JFES190 #6,虚实万象,虚実万象,All Things Virtual,Toutes choses virtuelles,Tutte le cose virtuali,Alle Dinge virtuell,Todas las cosas virtuales,كل الأشياء الافتراضية,허실 만상,Todas as coisas virtuais,Виртуальное разнообразие,虛實萬象,Wirtualna różnorodność,成就名
achv.name.210,成就名：JFES190 #7,告捷,勝利,Victory,Victoire,Vittoria,Sieg,Victoria,نصر,승리,Vitória,Победа,告捷,Zwycięstwo,成就名
achv.name.211,成就名：JFES190 #8,十分告捷,十分な勝利,Full Victory,Victoire totale,Vittoria piena,Voller Sieg,Victoria total,نصر كامل,완전한 승리,Vitória total,Полная победа,十分告捷,Pełne zwycięstwo,成就名
achv.name.212,成就名：JFES190 #9,先吃为敬,先にいただきます,Eat First,Mange d’abord,Mangia prima,Erst essen,Come primero,كُل أولًا,먼저 먹기,Coma primeiro,Сначала поешь,先吃為敬,Jedz pierwszy,成就名
achv.name.213,成就名：JFES190 #10,坟头蹦迪,墓の上で踊る,Dance on the Grave,Danse sur la tombe,Balla sulla tomba,Tanz auf dem Grab,Baila en la tumba,ارقص على القبر,무덤 위에서 춤추기,Dance na sepultura,Танцы на могиле,墳頭蹦迪,Taniec na grobie,成就名
achv.name.214,成就名：JFES190 #11,生死难料,生死は不明,Life or Death Unknown,Vie ou mort incertaine,Vita o morte incerta,Leben oder Tod ungewiss,Vida o muerte incierta,الحياة أو الموت غامض,생사불명,Vida ou morte incerta,Жизнь или смерть,生死難料,Życie lub śmierć,成就名
achv.name.215,成就名：JFES190 #12,黄袍加身,黄袍をまとう,Don the Yellow Robe,Revêtir la robe jaune,Indossa la veste gialla,Das gelbe Gewand,Vestir la túnica amarilla,ارتدِ الرداء الأصفر,황포를 입다,Vestir o manto amarelo,Жёлтый халат,黃袍加身,Żółta szata,成就名
achv.name.216,成就名：JFES190 #13,源来乳此,乳の出所,So That’s the Milk Source,La source du lait,La fonte del latte,Daher die Milch,De ahí la leche,إذًا هذا مصدر الحليب,원래 우유였네,Daí o leite,Вот откуда молоко,源來乳此,Oto źródło mleka,成就名
achv.name.217,成就名：JFES190 #14,无需多盐,塩は不要,No Need for Salt,Pas besoin de sel,Non serve sale,Kein Salz nötig,No hace falta sal,لا حاجة للملح,소금은 필요 없다,Não precisa de sal,Соль не нужна,無需多鹽,Sól niepotrzebna,成就名
achv.name.218,成就名：JFES190 #15,炫我嘴里,口に入れて,Into My Mouth,Dans ma bouche,In bocca,In meinen Mund,A mi boca,في فمي,내 입에,Na minha boca,Мне в рот,炫我嘴里,Do moich ust,成就名
achv.name.219,成就名：JFES190 #16,炼药奇缘,錬金奇縁,Alchemy Romance,Romance alchimique,Romanzo alchemico,Alchemie-Romanze,Romance alquímico,حكاية الخيمياء,연금술 인연,Romance alquímico,Алхимический роман,煉藥奇緣,Alchemiczna opowieść,成就名
achv.name.220,成就名：JFES190 #18,留名,名を残す,Leave a Name,Laisser un nom,Lasciare un nome,Namen hinterlassen,Dejar tu nombre,اترك اسمًا,이름 남기기,Deixar o nome,Оставить имя,留名,Zostaw imię,成就名
achv.name.221,成就名：JFES190 #19,止步于此,ここで止まる,Stop Here,Arrêt ici,Fermati qui,Hier endet es,Detente aquí,توقف هنا,여기서 멈추기,Pare aqui,Стой здесь,止步于此,Zatrzymaj się tutaj,成就名
achv.name.222,成就名：JFES190 #20,到此一游,ここに来た,Been Here,J’y étais,Sono stato qui,Ich war hier,Estuve aquí,كنت هنا,다녀갔습니다,Estive aqui,Здесь был,到此一游,Byłem tutaj,成就名
achv.name.223,成就名：JFES190 #21,称帝登基,皇帝に即位,Enthroned Emperor,Empereur intronisé,Imperatore incoronato,Zum Kaiser gekrönt,Emperador entronizado,تتويج الإمبراطور,황제 즉위,Imperador entronizado,Восшествие на трон,稱帝登基,Cesarz na tronie,成就名
achv.name.224,成就名：JFES190 #22,御帚飞行,箒で飛行,Broom Flight,Vol à balai,Volo con la scopa,Besenflug,Vuelo en escoba,طيران بالمقشة,빗자루 비행,Voo de vassoura,Полёт на метле,御帚飛行,Lot na miotle,成就名
achv.name.225,成就名：JFES190 #23,收官,終幕,The Finale,Le final,Il finale,Das Finale,El final,الختام,마무리,O final,Финал,收官,Finał,成就名
achv.desc.001,成就说明：JFES110 #1；JFES150 #1；JFES160 #1,获得所有奖杯,すべてのトロフィーを獲得する,Earn all trophies,Obtenir tous les trophées,Ottenere tutti i trofei,Alle Trophäen erhalten,Obtener todos los trofeos,الحصول على جميع الجوائز,모든 트로피 획득,Obter todos os troféus,Получить все трофеи,獲得所有獎杯,Zdobyć wszystkie trofea,
achv.desc.002,成就说明：JFES110 #2,被欢迎摄像头抓拍到,歓迎カメラに撮影される,Get caught by the welcome camera,Être pris en photo par la caméra d'accueil,Farsi riprendere dalla telecamera di benvenuto,Von der Begrüßungskamera erfasst werden,Ser captado por la cámara de bienvenida,التقاط صورة بكاميرا الترحيب,환영 카메라에 찍히기,Ser capturado pela câmera de boas-vindas,Попасть в объектив приветственной камеры,被歡迎攝像頭抓拍到,Zostać uchwyconym przez kamerę powitalną,
achv.desc.003,成就说明：JFES110 #3,被所有摄像头抓拍到,すべてのカメラに撮影される,Get caught by every camera,Être pris en photo par toutes les caméras,Farsi riprendere da tutte le telecamere,Von allen Kameras erfasst werden,Ser captado por todas las cámaras,التقاط صورة بجميع الكاميرات,모든 카메라에 찍히기,Ser capturado por todas as câmeras,Попасть в объектив всех камер,被所有攝像頭抓拍到,Zostać uchwyconym przez wszystkie kamery,
achv.desc.004,成就说明：JFES110 #4,第一次进入存档点,初めてチェックポイントに入る,Enter the first checkpoint,Entrer dans le premier point de sauvegarde,Entrare nel primo checkpoint,Den ersten Speicherpunkt betreten,Entrar en el primer punto de control,الدخول إلى أول نقطة حفظ,첫 세이브 포인트 진입,Entrar no primeiro checkpoint,Войти в первую контрольную точку,第一次進入存檔點,Wejść do pierwszego punktu kontrolnego,
achv.desc.005,成就说明：JFES110 #5,进入所有存档点,すべてのチェックポイントに入る,Enter every checkpoint,Entrer dans tous les points de sauvegarde,Entrare in tutti i checkpoint,Alle Speicherpunkte betreten,Entrar en todos los puntos de control,الدخول إلى جميع نقاط الحفظ,모든 세이브 포인트 진입,Entrar em todos os checkpoints,Войти во все контрольные точки,進入所有存檔點,Wejść do wszystkich punktów kontrolnych,
achv.desc.006,成就说明：JFES110 #6,猜出第一个豆子的ID,最初のビーンのIDを当てる,Guess the first bean's ID,Deviner l'ID du premier haricot,Indovinare l'ID del primo fagiolo,Die erste Bohnen-ID erraten,Adivinar el ID del primer frijol,تخمين معرف أول حبة,첫 콩의 ID 맞히기,Adivinhar o ID do primeiro feijão,Угадать ID первого боба,猜出第一個豆子的ID,Odgadnąć ID pierwszej fasolki,
achv.desc.007,成就说明：JFES110 #7,猜出10个豆子的ID,ビーンのIDを10個当てる,Guess 10 beans' IDs,Deviner l'ID de 10 haricots,Indovinare l'ID di 10 fagioli,10 Bohnen-IDs erraten,Adivinar los ID de 10 frijoles,تخمين معرفات 10 حبات,콩 10개의 ID 맞히기,Adivinhar os IDs de 10 feijões,Угадать ID 10 бобов,猜出10個豆子的ID,Odgadnąć ID 10 fasolek,
achv.desc.008,成就说明：JFES110 #8,猜出20个豆子的ID,ビーンのIDを20個当てる,Guess 20 beans' IDs,Deviner l'ID de 20 haricots,Indovinare l'ID di 20 fagioli,20 Bohnen-IDs erraten,Adivinar los ID de 20 frijoles,تخمين معرفات 20 حبة,콩 20개의 ID 맞히기,Adivinhar os IDs de 20 feijões,Угадать ID 20 бобов,猜出20個豆子的ID,Odgadnąć ID 20 fasolek,
achv.desc.009,成就说明：JFES110 #9,猜出30个豆子的ID,ビーンのIDを30個当てる,Guess 30 beans' IDs,Deviner l'ID de 30 haricots,Indovinare l'ID di 30 fagioli,30 Bohnen-IDs erraten,Adivinar los ID de 30 frijoles,تخمين معرفات 30 حبة,콩 30개의 ID 맞히기,Adivinhar os IDs de 30 feijões,Угадать ID 30 бобов,猜出30個豆子的ID,Odgadnąć ID 30 fasolek,
achv.desc.010,成就说明：JFES110 #10,触碰到空气墙,見えない壁に触れる,Touch the invisible wall,Toucher le mur invisible,Toccare il muro invisibile,Die unsichtbare Wand berühren,Tocar la pared invisible,لمس الجدار غير المرئي,투명 벽에 닿기,Tocar na parede invisível,Коснуться невидимой стены,觸碰到空氣墻,Dotknąć niewidzialnej ściany,
achv.desc.011,成就说明：JFES110 #11,被困在动物园的分割栏中,動物園の仕切りに閉じ込められる,Get trapped in the zoo barrier,Être piégé dans la barrière du zoo,Rimanere intrappolati nella barriera dello zoo,In der Zoo-Absperrung gefangen werden,Quedar atrapado en la barrera del zoo,الاحتجاز خلف حاجز حديقة الحيوان,동물원 칸막이에 갇히기,Ficar preso na barreira do zoológico,Застрять в перегородке зоопарка,被困在動物園的分割欄中,Utknąć w przegrodzie zoo,
achv.desc.012,成就说明：JFES110 #12,使企鹅的嘴伸缩自如,ペンギンのくちばしを自由に伸縮させる,Make the penguin's beak extend and retract freely,Faire bouger le bec du pingouin dans tous les sens,Far estendere e ritrarre liberamente il becco del pinguino,Den Schnabel des Pinguins frei ausfahren und einziehen lassen,Hacer que el pico del pingüino se extienda y retraiga libremente,جعل منقار البطريق يمتد وينكمش بحرية,펭귄의 부리를 자유롭게 늘렸다 줄이기,Fazer o bico do pinguim estender e retrair livremente,Заставить клюв пингвина свободно выдвигаться и втягиваться,使企鵝的嘴伸縮自如,"Sprawić, by dziób pingwina swobodnie się wysuwał i chował",
achv.desc.013,成就说明：JFES110 #13,与猪外有猪外有猪外有猪合影,4匹の豚が積み重なった塔と写真を撮る,Take a photo with the four stacked pigs,Prendre une photo avec l'empilement de quatre cochons,Farsi una foto con la pila di quattro maiali,Ein Foto mit dem Schwein-auf-Schwein-auf-Schwein-auf-Schwein machen,Hacerte una foto con la pila de cuatro cerdos,التقاط صورة مع برج الخنازير الأربعة,네 마리 돼지가 쌓인 탑과 사진 찍기,Tirar uma foto com a pilha de quatro porcos,Сфотографироваться с башней из четырёх свиней,與豬外有豬外有豬外有豬合影,Zrobić zdjęcie z wieżą czterech świń,
achv.desc.014,成就说明：JFES110 #14,发现被推下去的小绿猪,倒された小さな緑の豚を見つける,Find the little green pig that was pushed down,Trouver le petit cochon vert qui a été poussé,Trovare il maialino verde spinto giù,Das heruntergestoßene kleine grüne Schwein finden,Encontrar al cerdito verde que fue empujado,العثور على الخنزير الأخضر الصغير الذي تم دفعه,밀려난 작은 초록 돼지 발견하기,Encontrar o porquinho verde que foi empurrado,"Найти маленькую зелёную свинью, которую столкнули",發現被推下去的小綠豬,"Znaleźć małą zieloną świnkę, którą zepchnięto",
achv.desc.015,成就说明：JFES110 #15,踩在猪王的头上,豚の王の頭の上に乗る,Stand on the Pig King's head,Se tenir sur la tête du roi cochon,Stare sulla testa del Re Maiale,Auf dem Kopf des Schweinekönigs stehen,Pararte sobre la cabeza del Rey Cerdo,الوقوف على رأس ملك الخنازير,돼지 왕의 머리 위에 서기,Ficar em cima da cabeça do Rei Porco,Встать на голову Короля свиней,踩在豬王的頭上,Stanąć na głowie Króla Świń,
achv.desc.016,成就说明：JFES110 #16,开车前往雕塑教室,車で彫刻教室へ向かう,Drive to the sculpture classroom,Conduire jusqu'à la salle de sculpture,Guidare fino all'aula di scultura,Zum Bildhauerei-Klassenraum fahren,Conducir hasta el aula de escultura,القيادة إلى صف النحت,조각 교실까지 운전해 가기,Dirigir até a sala de escultura,Доехать на машине до класса скульптуры,開車前往雕塑教室,Dojechać samochodem do sali rzeźby,
achv.desc.017,成就说明：JFES110 #17,站在停车标志上,一時停止標識の上に立つ,Stand on the stop sign,Se tenir sur le panneau stop,Stare sul cartello di stop,Auf dem Stoppschild stehen,Pararte sobre la señal de stop,الوقوف على لافتة التوقف,정지 표지판 위에 서기,Ficar em cima da placa de pare,Встать на знак остановки,站在停車標志上,Stanąć na znaku stopu,
achv.desc.018,成就说明：JFES110 #18,在所有教室中上课,すべての教室で授業を受ける,Attend class in every classroom,Suivre un cours dans toutes les salles de classe,Seguire una lezione in ogni aula,In jedem Klassenraum am Unterricht teilnehmen,Asistir a clase en todas las aulas,حضور درس في كل صف,모든 교실에서 수업 듣기,Assistir aula em todas as salas,Посетить занятие в каждом классе,在所有教室中上課,Uczestniczyć w lekcji w każdej sali,
achv.desc.019,成就说明：JFES110 #19,认识所有星图,すべての星図を覚える,Learn every star map,Connaître toutes les cartes stellaires,Conoscere tutte le mappe stellari,Alle Sternenkarten kennen,Conocer todos los mapas estelares,معرفة جميع خرائط النجوم,모든 별자리 지도 알아보기,Conhecer todos os mapas estelares,Изучить все звёздные карты,認識所有星圖,Poznać wszystkie mapy gwiazd,
achv.desc.020,成就说明：JFES110 #20,7秒内从天文塔塔顶移动到主屋左前院,7秒以内に天文塔の屋上から母屋の左前庭へ移動する,Move from the top of the observatory tower to the left front yard of the main house within 7 seconds,Se déplacer du sommet de la tour d'observation à la cour avant gauche de la maison principale en 7 secondes,Spostarsi dalla cima della torre astronomica al cortile anteriore sinistro della casa principale in 7 secondi,In 7 Sekunden von der Spitze des Observatoriumsturms zum linken Vorgarten des Haupthauses gelangen,Pasar de la cima de la torre astronómica al patio delantero izquierdo de la casa principal en 7 segundos,الانتقال من قمة برج الفلك إلى الساحة الأمامية اليسرى للمنزل الرئيسي خلال 7 ثوانٍ,7초 안에 천문탑 꼭대기에서 본관 왼쪽 앞마당으로 이동하기,Ir do topo da torre astronômica ao quintal frontal esquerdo da casa principal em 7 segundos,За 7 секунд переместиться с вершины астрономической башни в левый передний двор главного дома,7秒內從天文塔塔頂移動到主屋左前院,W 7 sekund przemieścić się ze szczytu wieży astronomicznej na lewy przedni dziedziniec głównego domu,
achv.desc.021,成就说明：JFES110 #21,在上菜前就坐在桌子前等待,料理が出る前にテーブルで待つ,Wait at the table before the food is served,Attendre à table avant que le repas soit servi,Aspettare al tavolo prima che venga servito il cibo,"Am Tisch warten, bevor das Essen serviert wird",Esperar en la mesa antes de que sirvan la comida,الانتظار على الطاولة قبل تقديم الطعام,음식이 나오기 전에 식탁에서 기다리기,Esperar à mesa antes de servirem a comida,"Подождать за столом, пока не подадут еду",在上菜前就坐在桌子前等待,"Poczekać przy stole, aż podadzą jedzenie",
achv.desc.022,成就说明：JFES110 #22；JFES150 #4,在厕所享用巧克力,トイレでチョコレートを味わう,Enjoy chocolate in the toilet,Savourer du chocolat aux toilettes,Gustare cioccolato in bagno,Schokolade auf der Toilette genießen,Disfrutar de chocolate en el baño,الاستمتاع بالشوكولاتة في الحمام,화장실에서 초콜릿 즐기기,Saborear chocolate no banheiro,Съесть шоколад в туалете,在廁所享用巧克力,Skosztować czekolady w toalecie,
achv.desc.023,成就说明：JFES110 #23,完成主线内容,メインストーリーをクリアする,Complete the main story,Terminer l'histoire principale,Completare la storia principale,Die Hauptgeschichte abschließen,Completar la historia principal,إكمال القصة الرئيسية,메인 스토리 완료하기,Completar a história principal,Пройти основной сюжет,完成主線內容,Ukończyć główny wątek,
achv.desc.024,成就说明：JFES115 #1,从步行街的出口通关,商店街の出口からクリアする,Clear from the exit of the shopping street,Terminer par la sortie de la rue commerçante,Completare uscendo dall'uscita della via commerciale,Durch den Ausgang der Einkaufsstraße abschließen,Completar desde la salida de la calle comercial,إكمال المسار عبر مخرج الشارع التجاري,상점가 출구로 클리어하기,Completar pela saída da rua comercial,Пройти через выход с торговой улицы,從步行街的出口通關,"Ukończyć, wychodząc z ulicy handlowej",
achv.desc.025,成就说明：JFES115 #2,触发安检机的警报,保安検査機の警報を作動させる,Trigger the security scanner alarm,Déclencher l'alarme du portique de sécurité,Attivare l'allarme del metal detector,Den Alarm des Sicherheitsscanners auslösen,Activar la alarma del escáner de seguridad,تفعيل إنذار جهاز فحص الأمن,보안 검색대 경보 울리기,Acionar o alarme do detector de segurança,Сработать сигнализацию рамки безопасности,觸發安檢機的警報,Włączyć alarm bramki bezpieczeństwa,
achv.desc.026,成就说明：JFES115 #3,被抛弃或目睹别人被抛弃在胜太路站,勝太路駅で捨てられる、または他人が捨てられるのを目撃する,Be abandoned or witness someone being abandoned at Shengtai Road Station,Être abandonné ou voir quelqu'un être abandonné à la station Shengtai Road,Essere abbandonati o assistere all'abbandono di qualcuno alla stazione di Shengtai Road,"An der Shengtai Road Station verlassen werden oder beobachten, wie jemand verlassen wird",Ser abandonado o presenciar cómo abandonan a alguien en la estación de Shengtai Road,التخلي عنك أو مشاهدة تخلي شخص عنك في محطة شارع شنتاي,선타이루 역에서 버려지거나 다른 사람이 버려지는 모습 목격하기,Ser abandonado ou ver alguém ser abandonado na estação de Shengtai Road,"Быть брошенным или увидеть, как кого-то бросили на станции Шэнтай-роуд",被拋棄或目睹別人被拋棄在勝太路站,Zostać porzuconym lub zobaczyć porzucenie kogoś na stacji Shengtai Road,
achv.desc.027,成就说明：JFES115 #4,被车撞或目睹别人被车撞,車にひかれる、または他人がひかれるのを目撃する,Be hit by a car or witness someone being hit by a car,Être renversé par une voiture ou voir quelqu'un se faire renverser,Essere investiti da un'auto o assistere a qualcuno investito da un'auto,"Von einem Auto angefahren werden oder beobachten, wie jemand angefahren wird",Ser atropellado por un coche o presenciar cómo atropellan a alguien,الاصطدام بسيارة أو مشاهدة اصطدام شخص بسيارة,차에 치거나 다른 사람이 치이는 모습 목격하기,Ser atropelado por um carro ou ver alguém ser atropelado,"Попасть под машину или увидеть, как кого-то сбила машина",被車撞或目睹別人被車撞,Zostać potrąconym przez samochód lub zobaczyć potrącenie kogoś,
achv.desc.028,成就说明：JFES115 #5,将鸡蛋藏入关东煮摊位的锅里,おでん屋台の鍋に卵を隠す,Hide an egg in the pot at the oden stall,Cacher un œuf dans la marmite d'un stand d'oden,Nascondere un uovo nella pentola di uno stand di oden,Ein Ei im Topf eines Oden-Stands verstecken,Esconder un huevo en la olla de un puesto de oden,إخفاء بيضة في قدر كشك الأودن,오뎅 노점 냄비에 달걀 숨기기,Esconder um ovo na panela de uma barraca de oden,Спрятать яйцо в кастрюле лавки одэн,將雞蛋藏入關東煮攤位的鍋里,Ukryć jajko w garnku na stoisku z oden,
achv.desc.029,成就说明：JFES115 #6,击破弹弓游戏摊位的1个气球,スリングショット屋台の風船を1個割る,Pop one balloon at the slingshot stall,Éclater un ballon au stand de lance-pierres,Scoppiare un palloncino allo stand della fionda,Einen Ballon am Schleuderstand platzen lassen,Explotar un globo en el puesto de tirachinas,تفجير بالون واحد في كشك المقلاع,새총 노점에서 풍선 1개 터뜨리기,Estourar um balão na barraca de estilingue,Лопнуть один шарик в тире с рогаткой,擊破彈弓游戲攤位的1個氣球,Przebić jeden balon na stoisku z procą,
achv.desc.030,成就说明：JFES150 #2,偷窃三个鸡蛋，并存放到任意一间宿舍的同一个柜子里,卵を3個盗み、いずれかの寮の同じロッカーにしまう,Steal three eggs and store them in the same locker in any dormitory,Voler trois œufs et les ranger dans le même casier d'un dortoir,Rubare tre uova e metterle nello stesso armadietto di qualsiasi dormitorio,Drei Eier stehlen und sie im selben Schließfach eines beliebigen Wohnheims verstauen,Robar tres huevos y guardarlos en la misma taquilla de cualquier dormitorio,سرقة ثلاث بيضات ووضعها في الخزانة نفسها في أي سكن,달걀 3개를 훔쳐 아무 기숙사의 같은 사물함에 넣기,Roubar três ovos e guardá-los no mesmo armário de qualquer dormitório,Украсть три яйца и положить их в один шкафчик в любом общежитии,偷竊三個雞蛋，并存放到任意一間宿舍的同一個柜子里,Ukraść trzy jajka i schować je w tej samej szafce w dowolnym akademiku,
achv.desc.031,成就说明：JFES150 #3,将行李搬运至门牌号为鸟的宿舍,荷物を「鳥」の部屋番号の寮へ運ぶ,"Carry the luggage to the dorm with the door number ""Bird""",Porter les bagages jusqu'au dortoir portant le numéro de porte « Oiseau »,"Portare i bagagli al dormitorio con il numero ""Uccello""",Das Gepäck zum Wohnheim mit der Türnummer „Vogel“ bringen,Llevar el equipaje al dormitorio con el número de puerta «Pájaro»,نقل الأمتعة إلى السكن الذي يحمل رقم الباب «الطائر»,짐을 ‘새’라는 문패가 있는 기숙사로 옮기기,Levar a bagagem ao dormitório com o número «Pássaro»,Отнести багаж в общежитие с номером «Птица»,將行李搬運至門牌號為鳥的宿舍,Zanieść bagaż do akademika z numerem „Ptak”,
achv.desc.032,成就说明：JFES150 #5,将所有台球打进洞,すべてのビリヤード球を穴に入れる,Pocket every billiard ball,Mettre toutes les boules de billard dans les trous,Mandare tutte le palle da biliardo in buca,Alle Billardkugeln einlochen,Meter todas las bolas de billar en los agujeros,إدخال جميع كرات البلياردو في الثقوب,모든 당구공을 홀에 넣기,Encaçapar todas as bolas de bilhar,Забить все бильярдные шары в лузы,將所有臺球打進洞,Wbić wszystkie kule bilardowe do łuz,
achv.desc.033,成就说明：JFES150 #6,将所有台球打进洞且每个洞中都要有球,すべてのビリヤード球を穴に入れ、各穴に少なくとも1球入れる,Pocket every billiard ball and put at least one ball in every hole,"Mettre toutes les boules de billard dans les trous, avec au moins une boule par trou",Mandare tutte le palle in buca e metterne almeno una in ogni buca,Alle Billardkugeln einlochen und in jedem Loch mindestens eine Kugel versenken,Meter todas las bolas de billar y colocar al menos una en cada agujero,إدخال جميع كرات البلياردو مع وجود كرة واحدة على الأقل في كل ثقب,모든 당구공을 홀에 넣고 각 홀에 최소 1개씩 넣기,Encaçapar todas as bolas e colocar pelo menos uma em cada buraco,Забить все шары и хотя бы по одному в каждую лузу,將所有臺球打進洞且每個洞中都要有球,Wbić wszystkie kule i umieścić co najmniej jedną w każdej łuzie,
achv.desc.034,成就说明：JFES150 #7,将篮球投入红色篮筐,バスケットボールを赤いゴールに入れる,Shoot the basketball into the red hoop,Mettre le ballon de basket dans le panier rouge,Segnare con la palla da basket nel canestro rosso,Den Basketball in den roten Korb werfen,Encestar el balón en la canasta roja,إدخال كرة السلة في السلة الحمراء,농구공을 빨간 골대에 넣기,Acertar a cesta vermelha com a bola de basquete,Забросить баскетбольный мяч в красное кольцо,將籃球投入紅色籃筐,Wrzucić piłkę do koszykówki do czerwonego kosza,
achv.desc.035,成就说明：JFES150 #8,将篮球投入每个篮筐至少一次,各ゴールに少なくとも1回バスケットボールを入れる,Shoot the basketball into every hoop at least once,Mettre le ballon de basket dans chaque panier au moins une fois,Segnare con la palla da basket in ogni canestro almeno una volta,Den Basketball mindestens einmal in jeden Korb werfen,Encestar el balón en cada canasta al menos una vez,إدخال كرة السلة في كل سلة مرة واحدة على الأقل,모든 골대에 농구공을 최소 한 번씩 넣기,Acertar cada cesta com a bola de basquete pelo menos uma vez,Забросить мяч в каждое кольцо хотя бы раз,將籃球投入每個籃筐至少一次,Wrzucić piłkę do każdego kosza co najmniej raz,
achv.desc.036,成就说明：JFES150 #9,在左边的跑步机上奔跑超过30秒,左のトレッドミルで30秒以上走る,Run on the left treadmill for more than 30 seconds,Courir plus de 30 secondes sur le tapis de course de gauche,Correre sul tapis roulant sinistro per più di 30 secondi,Auf dem linken Laufband über 30 Sekunden laufen,Correr más de 30 segundos en la cinta de correr izquierda,الركض على جهاز المشي الأيسر لأكثر من 30 ثانية,왼쪽 러닝머신에서 30초 이상 달리기,Correr mais de 30 segundos na esteira esquerda,Пробежать на левой беговой дорожке более 30 секунд,在左邊的跑步機上奔跑超過30秒,Biegać na lewej bieżni ponad 30 sekund,
achv.desc.037,成就说明：JFES150 #10,在右边的跑步机上奔跑超过60秒,右のトレッドミルで60秒以上走る,Run on the right treadmill for more than 60 seconds,Courir plus de 60 secondes sur le tapis de course de droite,Correre sul tapis roulant destro per più di 60 secondi,Auf dem rechten Laufband über 60 Sekunden laufen,Correr más de 60 segundos en la cinta de correr derecha,الركض على جهاز المشي الأيمن لأكثر من 60 ثانية,오른쪽 러닝머신에서 60초 이상 달리기,Correr mais de 60 segundos na esteira direita,Пробежать на правой беговой дорожке более 60 секунд,在右邊的跑步機上奔跑超過60秒,Biegać na prawej bieżni ponad 60 sekund,
achv.desc.038,成就说明：JFES150 #11,在猪头的火焰处涅槃重生,豚の頭の炎で生まれ変わる,Be reborn in the flames on the pig's head,Renaître dans les flammes sur la tête du cochon,Rinascere tra le fiamme sulla testa del maiale,In den Flammen auf dem Schweinekopf wiedergeboren werden,Renacer entre las llamas sobre la cabeza del cerdo,الولادة من جديد في لهب رأس الخنزير,돼지 머리의 불꽃에서 환생하기,Renascer nas chamas sobre a cabeça do porco,Возродиться в пламени на голове свиньи,在豬頭的火焰處涅槃重生,Odrodzić się w płomieniach na głowie świni,
achv.desc.039,成就说明：JFES150 #12,在猪鼻上自拍,豚鼻で自撮りする,Take a selfie on the pig's nose,Prendre un selfie sur le groin du cochon,Farsi un selfie sul naso del maiale,Ein Selfie auf der Schweinenase machen,Hacerte un selfi en la nariz del cerdo,التقاط سيلفي على أنف الخنزير,돼지 코 위에서 셀카 찍기,Tirar uma selfie no nariz do porco,Сделать селфи на пятачке свиньи,在豬鼻上自拍,Zrobić selfie na nosie świni,
achv.desc.040,成就说明：JFES150 #13,站在路标柱子顶上嘲讽,道標の柱の上で挑発する,Taunt from the top of the signpost,Se moquer du haut du poteau indicateur,Prendere in giro dalla cima del palo indicatore,Von der Spitze des Wegweisers aus spotten,Burlarte desde lo alto del poste indicador,السخرية من أعلى عمود اللافتة,표지판 기둥 위에서 도발하기,Zombar do alto do poste de sinalização,Дразнить с вершины столба с указателем,站在路標柱子頂上嘲諷,Drwić ze szczytu słupka znaku,
achv.desc.041,成就说明：JFES150 #14,在泳池中找到至少一个不慎掉进去的鸡蛋,プールで誤って落ちた卵を少なくとも1個見つける,Find at least one egg that accidentally fell into the pool,Trouver au moins un œuf tombé par accident dans la piscine,Trovare almeno un uovo caduto accidentalmente in piscina,Mindestens ein versehentlich in den Pool gefallenes Ei finden,Encontrar al menos un huevo caído accidentalmente en la piscina,العثور على بيضة واحدة على الأقل سقطت في المسبح,수영장에 떨어진 달걀을 최소 1개 찾기,Encontrar pelo menos um ovo que caiu na piscina,"Найти хотя бы одно яйцо, случайно упавшее в бассейн",在泳池中找到至少一個不慎掉進去的雞蛋,"Znaleźć co najmniej jedno jajko, które przypadkiem wpadło do basenu",
achv.desc.042,成就说明：JFES150 #15,顺利通过旋转门,回転ドアを無事に通る,Pass through the revolving door successfully,Passer la porte tournante sans encombre,Superare la porta girevole senza problemi,Die Drehtür problemlos passieren,Pasar por la puerta giratoria sin problemas,المرور بسلاسة عبر الباب الدوار,회전문을 무사히 통과하기,Passar pela porta giratória sem problemas,Пройти через вращающуюся дверь,順利通過旋轉門,Przejść przez drzwi obrotowe,
achv.desc.043,成就说明：JFES150 #16,乘坐电梯到达你预定的房间,エレベーターで予約した部屋へ行く,Take the elevator to your reserved room,Prendre l'ascenseur jusqu'à votre chambre réservée,Prendere l'ascensore fino alla stanza prenotata,Mit dem Aufzug zu deinem reservierten Zimmer fahren,Subir en ascensor a tu habitación reservada,الصعود بالمصعد إلى غرفتك المحجوزة,엘리베이터를 타고 예약한 방에 도착하기,Pegar o elevador até o quarto reservado,Подняться на лифте в забронированный номер,乘坐電梯到達你預定的房間,Wjechać windą do zarezerwowanego pokoju,
achv.desc.044,成就说明：JFES150 #17,乘坐电梯到达1楼,エレベーターで1階へ行く,Take the elevator to the first floor,Prendre l'ascenseur jusqu'au premier étage,Prendere l'ascensore fino al primo piano,Mit dem Aufzug in den ersten Stock fahren,Subir en ascensor al primer piso,الصعود بالمصعد إلى الطابق الأول,엘리베이터를 타고 1층에 도착하기,Pegar o elevador até o primeiro andar,Подняться на лифте на первый этаж,乘坐電梯到達1樓,Wjechać windą na pierwsze piętro,
achv.desc.045,成就说明：JFES150 #18,走楼梯到达你预定的房间。,階段で予約した部屋へ行く,Take the stairs to your reserved room,Prendre les escaliers jusqu'à votre chambre réservée,Prendere le scale fino alla stanza prenotata,Die Treppe zu deinem reservierten Zimmer nehmen,Subir por las escaleras a tu habitación reservada,الصعود بالدرج إلى غرفتك المحجوزة,계단을 이용해 예약한 방에 도착하기,Subir as escadas até o quarto reservado,Подняться по лестнице в забронированный номер,走樓梯到達你預定的房間。,Wejść schodami do zarezerwowanego pokoju,
achv.desc.046,成就说明：JFES150 #19,走楼梯到达1楼,階段で1階へ行く,Take the stairs to the first floor,Prendre les escaliers jusqu'au premier étage,Prendere le scale fino al primo piano,Die Treppe in den ersten Stock nehmen,Subir por las escaleras al primer piso,الصعود بالدرج إلى الطابق الأول,계단을 이용해 1층에 도착하기,Subir as escadas até o primeiro andar,Подняться по лестнице на первый этаж,走樓梯到達1樓,Wejść schodami na pierwsze piętro,
achv.desc.047,成就说明：JFES150 #20,从开着的窗户一跃而下,開いた窓から飛び降りる,Jump down from the open window,Sauter par la fenêtre ouverte,Saltare giù dalla finestra aperta,Aus dem offenen Fenster springen,Saltar desde la ventana abierta,القفز من النافذة المفتوحة,열린 창문에서 뛰어내리기,Saltar pela janela aberta,Спрыгнуть из открытого окна,從開著的窗戶一躍而下,Wyskoczyć z otwartego okna,
achv.desc.048,成就说明：JFES150 #21,在鱼钩上自拍,釣り針の上で自撮りする,Take a selfie on the fishhook,Prendre un selfie sur l'hameçon,Farsi un selfie sull'amo,Ein Selfie am Angelhaken machen,Hacerte un selfi en el anzuelo,التقاط سيلفي على خطاف السمك,낚싯바늘 위에서 셀카 찍기,Tirar uma selfie no anzol,Сделать селфи на рыболовном крючке,在魚鉤上自拍,Zrobić selfie na haczyku na ryby,
achv.desc.049,成就说明：JFES150 #22,受到或见证数字7的诅咒,数字7の呪いを受けるか目撃する,Be cursed or witness the curse of number 7,Être maudit ou voir la malédiction du chiffre 7,Essere maledetti o assistere alla maledizione del numero 7,Vom Fluch der Zahl 7 getroffen werden oder ihn beobachten,Ser maldecido o presenciar la maldición del número 7,التعرض للعنة الرقم 7 أو مشاهدتها,숫자 7의 저주를 받거나 목격하기,Ser amaldiçoado ou testemunhar a maldição do número 7,Подвергнуться проклятию числа 7 или увидеть его,受到或見證數字7的詛咒,Zostać przeklętym lub zobaczyć klątwę liczby 7,
achv.desc.050,成就说明：JFES150 #23,进行排球对决,バレーボール対決を行う,Have a volleyball showdown,Faire un duel de volley,Fare una sfida a pallavolo,Ein Volleyball-Duell austragen,Tener un duelo de voleibol,خوض مبارزة كرة طائرة,배구 대결하기,Fazer um duelo de vôlei,Устроить волейбольную дуэль,進行排球對決,Stoczyć pojedynek w siatkówkę,
achv.desc.051,成就说明：JFES150 #24,从勇者之路的终点通关,勇者の道の終点からクリアする,Clear from the finish of the Hero's Road,Terminer depuis l'arrivée de la route du héros,Completare dall'arrivo della Via dell'Eroe,Vom Ziel des Heldenwegs aus abschließen,Completar desde la meta del Camino del Héroe,إكمال المسار من نهاية طريق البطل,용사의 길 종점에서 클리어하기,Completar a partir da chegada do Caminho do Herói,Пройти от финиша Дороги героя,從勇者之路的終點通關,Ukończyć od mety Drogi Bohatera,
achv.desc.052,成就说明：JFES150 #25,在船上玩了30分钟都没有登陆爪哇岛,船で30分遊んでもジャワ島に上陸しない,Play on the boat for 30 minutes without landing on Java Island,Jouer 30 minutes sur le bateau sans débarquer sur l'île de Java,Giocare 30 minuti sulla nave senza sbarcare sull'isola di Giava,"30 Minuten auf dem Boot spielen, ohne auf Java Island anzukommen",Jugar 30 minutos en el barco sin desembarcar en la isla de Java,اللعب على القارب لمدة 30 دقيقة دون الوصول إلى جزيرة جاوة,배에서 30분 동안 놀면서 자바섬에 상륙하지 않기,Jogar 30 minutos no barco sem desembarcar na Ilha de Java,"Играть на лодке 30 минут, не высаживаясь на острове Ява",在船上玩了30分鐘都沒有登陸爪哇島,Grać 30 minut na łodzi bez zejścia na wyspę Jawa,
achv.desc.053,成就说明：JFES150 #26,点燃902房间的鞭炮,902号室の爆竹に火をつける,Light the firecrackers in room 902,Allumer les pétards de la chambre 902,Accendere i petardi della stanza 902,Die Feuerwerkskörper in Zimmer 902 anzünden,Encender los petardos de la habitación 902,إشعال المفرقعات في الغرفة 902,902호의 폭죽에 불 붙이기,Acender os fogos de artifício do quarto 902,Зажечь петарды в комнате 902,點燃902房間的鞭炮,Zapalić petardy w pokoju 902,
achv.desc.054,成就说明：JFES150 #27,前往煎炸基七七海滩分店,煎炸基七七ビーチ店へ行く,Go to the JFC Qiqi Beach branch,Aller à la succursale JFC Qiqi Beach,Andare alla filiale JFC Qiqi Beach,Zum JFC Qiqi Beach-Standort gehen,Ir a la sucursal JFC Qiqi Beach,الذهاب إلى فرع JFC Qiqi Beach,JFC 치치 비치 지점으로 가기,Ir à filial JFC Qiqi Beach,Отправиться в филиал JFC Qiqi Beach,前往煎炸基七七海灘分店,Udać się do oddziału JFC Qiqi Beach,
achv.desc.055,成就说明：JFES150 #28,将高尔夫球打进终点,ゴルフボールを終点に入れる,Sink the golf ball at the finish,Envoyer la balle de golf dans l'arrivée,Mandare la pallina da golf nella buca finale,Den Golfball am Ziel einlochen,Meter la pelota de golf en la meta,إدخال كرة الغولف في الهدف,골프공을 결승점에 넣기,Encaçapar a bola de golfe no final,Забить мяч для гольфа в финишную лунку,將高爾夫球打進終點,Wbić piłkę golfową do mety,
achv.desc.056,成就说明：JFES160 #2,在369跑酷中存活到最后,369パルクールで最後まで生き残る,Survive to the end in 369 Parkour,Survivre jusqu'à la fin dans 369 Parkour,Sopravvivere fino alla fine in 369 Parkour,In 369 Parkour bis zum Ende überleben,Sobrevivir hasta el final en 369 Parkour,البقاء حتى النهاية في 369 Parkour,369 파쿠르에서 끝까지 살아남기,Sobreviver até o fim em 369 Parkour,Выжить до конца в 369 Parkour,在369跑酷中存活到最后,Przetrwać do końca w 369 Parkour,
achv.desc.057,成就说明：JFES160 #3,通关色感派对,Colorblind Partyをクリアする,Clear Colorblind Party,Terminer Colorblind Party,Completare Colorblind Party,Colorblind Party abschließen,Completar Colorblind Party,إكمال Colorblind Party,Colorblind Party 클리어하기,Completar Colorblind Party,Пройти Colorblind Party,通關色感派對,Ukończyć Colorblind Party,
achv.desc.058,成就说明：JFES160 #4,通关天天快乐,Happy Everydayをクリアする,Clear Happy Everyday,Terminer Happy Everyday,Completare Happy Everyday,Happy Everyday abschließen,Completar Happy Everyday,إكمال Happy Everyday,Happy Everyday 클리어하기,Completar Happy Everyday,Пройти Happy Everyday,通關天天快樂,Ukończyć Happy Everyday,
achv.desc.059,成就说明：JFES160 #5,从蓝色跑酷区通关天天快乐,青いパルクールエリアからHappy Everydayをクリアする,Clear Happy Everyday from the blue parkour zone,Terminer Happy Everyday depuis la zone de parkour bleue,Completare Happy Everyday dalla zona parkour blu,Happy Everyday von der blauen Parkour-Zone aus abschließen,Completar Happy Everyday desde la zona de parkour azul,إكمال Happy Everyday من منطقة الباركور الزرقاء,파란 파쿠르 구역에서 Happy Everyday 클리어하기,Completar Happy Everyday a partir da zona de parkour azul,Пройти Happy Everyday из синей зоны паркура,從藍色跑酷區通關天天快樂,Ukończyć Happy Everyday z niebieskiej strefy parkouru,
achv.desc.060,成就说明：JFES160 #6,在33小游戏中跳格子,33ミニゲームで石けりをする,Play hopscotch in the 33 minigames,Jouer à la marelle dans les 33 mini-jeux,Giocare a campana nei 33 minigiochi,In den 33 Minigames Hüpfkästchen spielen,Jugar a la rayuela en los 33 minijuegos,لعب الحجلة في 33 لعبة مصغرة,33 미니게임에서 사방치기 하기,Jogar amarelinha nos 33 minijogos,Поиграть в классики в 33 мини-играх,在33小游戲中跳格子,Zagrać w grę w klasy w 33 minigrach,
achv.desc.061,成就说明：JFES160 #7,在33小游戏中完美QTE,33ミニゲームでパーフェクトQTEを決める,Perform a perfect QTE in the 33 minigames,Réaliser un QTE parfait dans les 33 mini-jeux,Eseguire un QTE perfetto nei 33 minigiochi,In den 33 Minigames ein perfektes QTE ausführen,Hacer un QTE perfecto en los 33 minijuegos,تنفيذ QTE مثالي في 33 لعبة مصغرة,33 미니게임에서 완벽한 QTE 성공하기,Executar um QTE perfeito nos 33 minijogos,Выполнить идеальное QTE в 33 мини-играх,在33小游戲中完美QTE,Wykonać perfekcyjne QTE w 33 minigrach,
achv.desc.062,成就说明：JFES160 #8,在33小游戏中完美弹反棒球并击破敌方板子,33ミニゲームで野球を完璧に弾き返し、敵の板を壊す,Perfectly parry the baseball and destroy the enemy board in the 33 minigames,Parer parfaitement la balle de baseball et détruire la planche ennemie dans les 33 mini-jeux,Parare perfettamente la pallina da baseball e distruggere la tavola nemica nei 33 minigiochi,In den 33 Minigames den Baseball perfekt parieren und das gegnerische Brett zerstören,Parar perfectamente la pelota de béisbol y destruir la tabla enemiga en los 33 minijuegos,صد كرة البيسبول بشكل مثالي وتحطيم لوح العدو في 33 لعبة مصغرة,33 미니게임에서 야구공을 완벽하게 튕겨내고 적 판 파괴하기,Aparar perfeitamente a bola de beisebol e destruir a placa inimiga nos 33 minijogos,Идеально отбить бейсбольный мяч и разрушить доску противника в 33 мини-играх,在33小游戲中完美彈反棒球并擊破敵方板子,Idealnie odbić piłkę baseballową i zniszczyć wrogą planszę w 33 minigrach,
achv.desc.063,成就说明：JFES160 #9,在33小游戏中攀岩到达顶峰,33ミニゲームでクライミングして頂上に到達する,Climb to the top in the 33 minigames,Atteindre le sommet en escalade dans les 33 mini-jeux,Arrivare in cima scalando nei 33 minigiochi,In den 33 Minigames bis zur Spitze klettern,Llegar a la cima escalando en los 33 minijuegos,الوصول إلى القمة بالتسلق في 33 لعبة مصغرة,33 미니게임에서 암벽 등반으로 정상 도달하기,Chegar ao topo escalando nos 33 minijogos,Забраться на вершину в 33 мини-играх,在33小游戲中攀巖到達頂峰,Wdrapać się na szczyt w 33 minigrach,
achv.desc.064,成就说明：JFES160 #10,通关33小游戏,33ミニゲームをクリアする,Clear the 33 minigames,Terminer les 33 mini-jeux,Completare i 33 minigiochi,Die 33 Minigames abschließen,Completar los 33 minijuegos,إكمال 33 لعبة مصغرة,33 미니게임 클리어하기,Completar os 33 minijogos,Пройти 33 мини-игры,通關33小游戲,Ukończyć 33 minigry,
achv.desc.065,成就说明：JFES160 #11,从棕色跑酷区通关33小游戏,茶色のパルクールエリアから33ミニゲームをクリアする,Clear the 33 minigames from the brown parkour zone,Terminer les 33 mini-jeux depuis la zone de parkour marron,Completare i 33 minigiochi dalla zona parkour marrone,Die 33 Minigames von der braunen Parkour-Zone aus abschließen,Completar los 33 minijuegos desde la zona de parkour marrón,إكمال 33 لعبة مصغرة من منطقة الباركور البنية,갈색 파쿠르 구역에서 33 미니게임 클리어하기,Completar os 33 minijogos a partir da zona de parkour marrom,Пройти 33 мини-игры из коричневой зоны паркура,從棕色跑酷區通關33小游戲,Ukończyć 33 minigry z brązowej strefy parkouru,
achv.desc.066,成就说明：JFES160 #12,通关吉祥物派对,マスコットパーティーをクリアする,Clear Mascot Party,Terminer Mascot Party,Completare Mascot Party,Mascot Party abschließen,Completar Mascot Party,إكمال Mascot Party,마스코트 파티 클리어하기,Completar Mascot Party,Пройти Mascot Party,通關吉祥物派對,Ukończyć Mascot Party,
achv.desc.067,成就说明：JFES160 #13,通关所有地图,すべてのマップをクリアする,Clear all maps,Terminer toutes les cartes,Completare tutte le mappe,Alle Karten abschließen,Completar todos los mapas,إكمال جميع الخرائط,모든 맵 클리어하기,Completar todos os mapas,Пройти все карты,通關所有地圖,Ukończyć wszystkie mapy,
achv.desc.068,成就说明：JFES160 #14,通关EASY^ ^,EASY^ ^をクリアする,Clear EASY^ ^,Terminer EASY^ ^,Completare EASY^ ^,EASY^ ^ abschließen,Completar EASY^ ^,إكمال EASY^ ^,EASY^ ^ 클리어하기,Completar EASY^ ^,Пройти EASY^ ^,通關EASY^ ^,Ukończyć EASY^ ^,
achv.desc.069,成就说明：JFES160 #15,与自己或最爱的人合影,自分または最も好きな人と写真を撮る,Take a photo with yourself or your favorite person,Prendre une photo avec toi-même ou la personne que tu préfères,Farsi una foto con te stesso o con la persona che ami di più,Ein Foto mit dir selbst oder deiner Lieblingsperson machen,Hacerte una foto contigo mismo o con tu persona favorita,التقاط صورة مع نفسك أو مع الشخص المفضل لديك,자신 또는 가장 좋아하는 사람과 사진 찍기,Tirar uma foto consigo mesmo ou com sua pessoa favorita,Сфотографироваться с собой или с самым любимым человеком,與自己或最愛的人合影,Zrobić zdjęcie sobie lub ulubionej osobie,
achv.desc.070,成就说明：JFES160 #16,在获得23分的情况下扣到0分,23点を獲得した状態から0点まで減点される,Lose all 23 points down to 0,Perdre tous ses 23 points jusqu'à 0,Perdere tutti i 23 punti fino a 0,Alle 23 Punkte bis auf 0 verlieren,Perder los 23 puntos hasta llegar a 0,خسارة جميع النقاط الـ23 حتى الصفر,23점을 얻은 상태에서 0점까지 감점되기,Perder todos os 23 pontos até chegar a 0,Потерять все 23 очка до 0,在獲得23分的情況下扣到0分,Stracić wszystkie 23 punkty do 0,
achv.desc.071,成就说明：JFES160 #17,通关PEAK GUYS - SHORE,PEAK GUYS - SHOREをクリアする,Clear PEAK GUYS - SHORE,Terminer PEAK GUYS - SHORE,Completare PEAK GUYS - SHORE,PEAK GUYS - SHORE abschließen,Completar PEAK GUYS - SHORE,إكمال PEAK GUYS - SHORE,PEAK GUYS - SHORE 클리어하기,Completar PEAK GUYS - SHORE,Пройти PEAK GUYS - SHORE,通關PEAK GUYS - SHORE,Ukończyć PEAK GUYS - SHORE,
achv.desc.072,成就说明：JFES160 #18,发现失落的秘密,失われた秘密を発見する,Discover the lost secret,Découvrir le secret perdu,Scoprire il segreto perduto,Das verlorene Geheimnis entdecken,Descubrir el secreto perdido,اكتشاف السر المفقود,잃어버린 비밀 발견하기,Descobrir o segredo perdido,Найти утраченный секрет,發現失落的秘密,Odkryć zaginiony sekret,
achv.desc.073,成就说明：JFES160 #19,从蓝色线路通关Let's go,青いルートからLet's goをクリアする,Clear Let's go from the blue route,Terminer Let's go par la route bleue,Completare Let's go dal percorso blu,Let's go über die blaue Route abschließen,Completar Let's go por la ruta azul,إكمال Let's go عبر المسار الأزرق,파란 경로에서 Let's go 클리어하기,Completar Let's go pela rota azul,Пройти Let's go по синему маршруту,從藍色線路通關Let's go,Ukończyć Let's go niebieską trasą,
achv.desc.074,成就说明：JFES160 #20,从红色线路通关Let's go,赤いルートからLet's goをクリアする,Clear Let's go from the red route,Terminer Let's go par la route rouge,Completare Let's go dal percorso rosso,Let's go über die rote Route abschließen,Completar Let's go por la ruta roja,إكمال Let's go عبر المسار الأحمر,빨간 경로에서 Let's go 클리어하기,Completar Let's go pela rota vermelha,Пройти Let's go по красному маршруту,從紅色線路通關Let's go,Ukończyć Let's go czerwoną trasą,
achv.desc.075,成就说明：JFES160 #21,通关hi! summer,hi! summerをクリアする,Clear hi! summer,Terminer hi! summer,Completare hi! summer,hi! summer abschließen,Completar hi! summer,إكمال hi! summer,hi! summer 클리어하기,Completar hi! summer,Пройти hi! summer,通關hi! summer,Ukończyć hi! summer,
achv.desc.076,成就说明：JFES160 #22,在没有死亡过的情况下通关hi! summer,一度も死なずにhi! summerをクリアする,Clear hi! summer without dying,Terminer hi! summer sans mourir,Completare hi! summer senza morire,"hi! summer abschließen, ohne zu sterben",Completar hi! summer sin morir,إكمال hi! summer دون الموت,한 번도 죽지 않고 hi! summer 클리어하기,Completar hi! summer sem morrer,"Пройти hi! summer, не умирая",在沒有死亡過的情況下通關hi! summer,Ukończyć hi! summer bez śmierci,
achv.desc.077,成就说明：JFES160 #23,在2分钟内通关hi! summer,2分以内にhi! summerをクリアする,Clear hi! summer within 2 minutes,Terminer hi! summer en moins de 2 minutes,Completare hi! summer in meno di 2 minuti,hi! summer in unter 2 Minuten abschließen,Completar hi! summer en menos de 2 minutos,إكمال hi! summer خلال دقيقتين,2분 안에 hi! summer 클리어하기,Completar hi! summer em menos de 2 minutos,Пройти hi! summer за 2 минуты,在2分鐘內通關hi! summer,Ukończyć hi! summer w mniej niż 2 minuty,
achv.desc.078,成就说明：JFES160 #24,通关飞行棋大作战 但猫猫头,Ludo Battle but Cat Headsをクリアする,Clear Ludo Battle but Cat Heads,Terminer Ludo Battle but Cat Heads,Completare Ludo Battle but Cat Heads,Ludo Battle but Cat Heads abschließen,Completar Ludo Battle but Cat Heads,إكمال Ludo Battle but Cat Heads,Ludo Battle but Cat Heads 클리어하기,Completar Ludo Battle but Cat Heads,Пройти Ludo Battle but Cat Heads,通關飛行棋大作戰 但貓貓頭,Ukończyć Ludo Battle but Cat Heads,
achv.desc.079,成就说明：JFES170 #1；JFES175 #1；JFES180 #1；JFES190 #1,完成所有实绩,すべての実績を達成する,Complete all achievements,Accomplir tous les hauts faits,Completare tutte le imprese,Alle Erfolge abschließen,Completar todas las hazañas,إكمال جميع الإنجازات,모든 업적 완료하기,Completar todas as conquistas,Выполнить все достижения,完成所有實績,Ukończyć wszystkie osiągnięcia,
achv.desc.080,成就说明：JFES170 #2,完成第一赛季网关简单版,シーズン1ゲートウェイのイージー版をクリアする,Complete the Season 1 Gateway Easy version,Terminer la version facile de la passerelle de la saison 1,Completare la versione facile del Portale della Stagione 1,Die einfache Version des Season 1 Tors abschließen,Completar la versión fácil del Portal de la Temporada 1,إكمال النسخة السهلة من بوابة الموسم الأول,시즌 1 게이트웨이 이지 버전 클리어하기,Completar a versão fácil do Gateway da Temporada 1,Пройти лёгкую версию шлюза сезона 1,完成第一賽季網關簡單版,Ukończyć łatwą wersję bramy sezonu 1,
achv.desc.081,成就说明：JFES170 #3,将所有鸡蛋放入一个篮子（限第一赛季）,すべての卵を1つのカゴに入れる（シーズン1限定）,Put all eggs in one basket (Season 1 only),Mettre tous les œufs dans un panier (saison 1 uniquement),Mettere tutte le uova in un cesto (solo Stagione 1),Alle Eier in einen Korb legen (nur Season 1),Poner todos los huevos en una cesta (solo Temporada 1),وضع جميع البيض في سلة واحدة (الموسم الأول فقط),모든 달걀을 한 바구니에 넣기 (시즌 1 한정),Colocar todos os ovos em uma cesta (apenas Temporada 1),Положить все яйца в одну корзину (только сезон 1),將所有雞蛋放入一個籃子（限第一賽季）,Włożyć wszystkie jajka do jednego koszyka (tylko sezon 1),
achv.desc.082,成就说明：JFES170 #4,将足球踢进球门,サッカーボールをゴールに蹴り入れる,Kick the soccer ball into the goal,Envoyer le ballon de football dans le but,Calciare il pallone in porta,Den Fußball ins Tor schießen,Meter el balón de fútbol en la portería,تسديد كرة القدم في المرمى,축구공을 골대에 넣기,Chutar a bola de futebol para o gol,Забить футбольный мяч в ворота,將足球踢進球門,Wbić piłkę nożną do bramki,
achv.desc.083,成就说明：JFES170 #5,将所有雪球囤到一个区域中,すべての雪玉を1つのエリアに集める,Gather all snowballs into one area,Rassembler toutes les boules de neige dans une zone,Radunare tutte le palle di neve in una zona,Alle Schneebälle in einem Bereich sammeln,Reunir todas las bolas de nieve en una zona,جمع جميع كرات الثلج في منطقة واحدة,모든 눈덩이를 한 구역에 모으기,Reunir todas as bolas de neve em uma área,Собрать все снежки в одной зоне,將所有雪球囤到一個區域中,Zebrać wszystkie śnieżki w jednym obszarze,
achv.desc.084,成就说明：JFES170 #6,穿越金圈（限第一赛季）,金の輪をくぐる（シーズン1限定）,Pass through the golden ring (Season 1 only),Passer à travers l'anneau doré (saison 1 uniquement),Passare attraverso l'anello d'oro (solo Stagione 1),Durch den goldenen Ring gehen (nur Season 1),Pasar por el anillo dorado (solo Temporada 1),المرور عبر الحلقة الذهبية (الموسم الأول فقط),금색 고리 통과하기 (시즌 1 한정),Passar pelo anel dourado (apenas Temporada 1),Пройти через золотое кольцо (только сезон 1),穿越金圈（限第一賽季）,Przejść przez złoty pierścień (tylko sezon 1),
achv.desc.085,成就说明：JFES170 #7,在大转盘上跳舞,大きな回転盤の上で踊る,Dance on the large turntable,Danser sur le grand plateau tournant,Ballare sulla grande piattaforma girevole,Auf der großen Drehscheibe tanzen,Bailar en el gran plato giratorio,الرقص على القرص الدوار الكبير,큰 회전판 위에서 춤추기,Dançar no grande prato giratório,Танцевать на большом вращающемся диске,在大轉盤上跳舞,Tańczyć na dużym obrotowym dysku,
achv.desc.086,成就说明：JFES170 #8,将蓝色球推进到第3根蓝线后,青い球を3本目の青い線の先まで押し出す,Push the blue ball past the third blue line,Pousser la balle bleue au-delà de la troisième ligne bleue,Spingere la palla blu oltre la terza linea blu,Den blauen Ball über die dritte blaue Linie schieben,Empujar la bola azul más allá de la tercera línea azul,دفع الكرة الزرقاء بعد الخط الأزرق الثالث,파란 공을 세 번째 파란 선 너머로 밀기,Empurrar a bola azul além da terceira linha azul,Толкнуть синий шар за третью синюю линию,將藍色球推進到第3根藍線后,Popchnąć niebieską kulę za trzecią niebieską linię,
achv.desc.087,成就说明：JFES170 #9,在传送带上跑3圈,ベルトコンベアの上を3周走る,Run three laps on the conveyor belt,Courir trois tours sur le tapis roulant,Correre per tre giri sul nastro trasportatore,Drei Runden auf dem Förderband laufen,Correr tres vueltas en la cinta transportadora,الركض ثلاث لفات على السير المتحرك,컨베이어 벨트에서 3바퀴 달리기,Correr três voltas na esteira transportadora,Пробежать три круга по конвейерной ленте,在傳送帶上跑3圈,Przebiec trzy okrążenia po taśmie transportowej,
achv.desc.088,成就说明：JFES170 #10,完成第二赛季网关简单版,シーズン2ゲートウェイのイージー版をクリアする,Complete the Season 2 Gateway Easy version,Terminer la version facile de la passerelle de la saison 2,Completare la versione facile del Portale della Stagione 2,Die einfache Version des Season 2 Tors abschließen,Completar la versión fácil del Portal de la Temporada 2,إكمال النسخة السهلة من بوابة الموسم الثاني,시즌 2 게이트웨이 이지 버전 클리어하기,Completar a versão fácil do Gateway da Temporada 2,Пройти лёгкую версию шлюза сезона 2,完成第二賽季網關簡單版,Ukończyć łatwą wersję bramy sezonu 2,
achv.desc.089,成就说明：JFES170 #11,将所有鸡蛋放入一个篮子（限第二赛季）,すべての卵を1つのカゴに入れる（シーズン2限定）,Put all eggs in one basket (Season 2 only),Mettre tous les œufs dans un panier (saison 2 uniquement),Mettere tutte le uova in un cesto (solo Stagione 2),Alle Eier in einen Korb legen (nur Season 2),Poner todos los huevos en una cesta (solo Temporada 2),وضع جميع البيض في سلة واحدة (الموسم الثاني فقط),모든 달걀을 한 바구니에 넣기 (시즌 2 한정),Colocar todos os ovos em uma cesta (apenas Temporada 2),Положить все яйца в одну корзину (только сезон 2),將所有雞蛋放入一個籃子（限第二賽季）,Włożyć wszystkie jajka do jednego koszyka (tylko sezon 2),
achv.desc.090,成就说明：JFES170 #12,穿越金圈（限第二赛季）,金の輪をくぐる（シーズン2限定）,Pass through the golden ring (Season 2 only),Passer à travers l'anneau doré (saison 2 uniquement),Passare attraverso l'anello d'oro (solo Stagione 2),Durch den goldenen Ring gehen (nur Season 2),Pasar por el anillo dorado (solo Temporada 2),المرور عبر الحلقة الذهبية (الموسم الثاني فقط),금색 고리 통과하기 (시즌 2 한정),Passar pelo anel dourado (apenas Temporada 2),Пройти через золотое кольцо (только сезон 2),穿越金圈（限第二賽季）,Przejść przez złoty pierścień (tylko sezon 2),
achv.desc.091,成就说明：JFES170 #13,完成第三赛季网关简单版,シーズン3ゲートウェイのイージー版をクリアする,Complete the Season 3 Gateway Easy version,Terminer la version facile de la passerelle de la saison 3,Completare la versione facile del Portale della Stagione 3,Die einfache Version des Season 3 Tors abschließen,Completar la versión fácil del Portal de la Temporada 3,إكمال النسخة السهلة من بوابة الموسم الثالث,시즌 3 게이트웨이 이지 버전 클리어하기,Completar a versão fácil do Gateway da Temporada 3,Пройти лёгкую версию шлюза сезона 3,完成第三賽季網關簡單版,Ukończyć łatwą wersję bramy sezonu 3,
achv.desc.092,成就说明：JFES170 #14,将封印企鹅的箱子丢进虚空（限第三赛季）,封印されたペンギンの箱を虚空に投げ込む（シーズン3限定）,Throw the box sealing the penguin into the void (Season 3 only),Jeter la caisse qui scelle le pingouin dans le vide (saison 3 uniquement),Getta nel vuoto la cassa che sigilla il pinguino (solo Stagione 3),Die Kiste mit dem versiegelten Pinguin in die Leere werfen (nur Season 3),Lanzar al vacío la caja que sella al pingüino (solo Temporada 3),رمي الصندوق الذي يحبس البطريق في الفراغ (الموسم الثالث فقط),펭귄이 봉인된 상자를 공허에 던지기 (시즌 3 한정),Jogar no vazio a caixa que sela o pinguim (apenas Temporada 3),Сбросить ящик с запечатанным пингвином в пустоту (только сезон 3),將封印企鵝的箱子丟進虛空（限第三賽季）,Wrzucić skrzynię z zapieczętowanym pingwinem w pustkę (tylko sezon 3),
achv.desc.093,成就说明：JFES170 #15,将所有雪球全部推进中心圈,すべての雪玉を中央の輪に押し込む,Push all snowballs into the center ring,Pousser toutes les boules de neige dans l'anneau central,Spingere tutte le palle di neve nell'anello centrale,Alle Schneebälle in den mittleren Ring schieben,Empujar todas las bolas de nieve al anillo central,دفع جميع كرات الثلج إلى الحلقة المركزية,모든 눈덩이를 중앙 고리로 밀어 넣기,Empurrar todas as bolas de neve para o anel central,Затолкнуть все снежки в центральное кольцо,將所有雪球全部推進中心圈,Wepchnąć wszystkie śnieżki do środkowego pierścienia,
achv.desc.094,成就说明：JFES170 #16,完成第四赛季网关简单版,シーズン4ゲートウェイのイージー版をクリアする,Complete the Season 4 Gateway Easy version,Terminer la version facile de la passerelle de la saison 4,Completare la versione facile del Portale della Stagione 4,Die einfache Version des Season 4 Tors abschließen,Completar la versión fácil del Portal de la Temporada 4,إكمال النسخة السهلة من بوابة الموسم الرابع,시즌 4 게이트웨이 이지 버전 클리어하기,Completar a versão fácil do Gateway da Temporada 4,Пройти лёгкую версию шлюза сезона 4,完成第四賽季網關簡單版,Ukończyć łatwą wersję bramy sezonu 4,
achv.desc.095,成就说明：JFES170 #17,将篮球投入篮筐,バスケットボールをゴールに入れる,Shoot the basketball into the hoop,Mettre le ballon de basket dans le panier,Segnare con la palla da basket nel canestro,Den Basketball in den Korb werfen,Encestar el balón en la canasta,إدخال كرة السلة في السلة,농구공을 골대에 넣기,Acertar a cesta com a bola de basquete,Забросить баскетбольный мяч в кольцо,將籃球投入籃筐,Wrzucić piłkę do koszykówki do kosza,
achv.desc.096,成就说明：JFES170 #18,将一块地板上色,1枚の床を塗る,Paint one floor tile,Peindre une dalle de sol,Colorare una piastrella,Eine Bodenplatte bemalen,Pintar una baldosa del suelo,طلاء بلاطة أرضية واحدة,바닥 타일 한 칸 색칠하기,Pintar um ladrilho do chão,Покрасить одну плитку пола,將一塊地板上色,Pomalować jedną płytkę podłogi,
achv.desc.097,成就说明：JFES170 #19,踩下最高的按钮,最も高いボタンを押す,Press the highest button,Appuyer sur le bouton le plus haut,Premere il pulsante più alto,Den höchsten Knopf drücken,Pulsar el botón más alto,الضغط على أعلى زر,가장 높은 버튼 누르기,Pressionar o botão mais alto,Нажать самую высокую кнопку,踩下最高的按鈕,Nacisnąć najwyższy przycisk,
achv.desc.098,成就说明：JFES170 #20,完成第五赛季网关简单版,シーズン5ゲートウェイのイージー版をクリアする,Complete the Season 5 Gateway Easy version,Terminer la version facile de la passerelle de la saison 5,Completare la versione facile del Portale della Stagione 5,Die einfache Version des Season 5 Tors abschließen,Completar la versión fácil del Portal de la Temporada 5,إكمال النسخة السهلة من بوابة الموسم الخامس,시즌 5 게이트웨이 이지 버전 클리어하기,Completar a versão fácil do Gateway da Temporada 5,Пройти лёгкую версию шлюза сезона 5,完成第五賽季網關簡單版,Ukończyć łatwą wersję bramy sezonu 5,
achv.desc.099,成就说明：JFES170 #21,获得一个金泡泡,金のバブルを1つ獲得する,Obtain one golden bubble,Obtenir une bulle dorée,Ottenere una bolla dorata,Eine goldene Blase erhalten,Obtener una burbuja dorada,الحصول على فقاعة ذهبية واحدة,황금 버블 1개 얻기,Obter uma bolha dourada,Получить один золотой пузырь,獲得一個金泡泡,Zdobyć jedną złotą bańkę,
achv.desc.100,成就说明：JFES170 #22,将封印企鹅的箱子丢进虚空（限第五赛季）,封印されたペンギンの箱を虚空に投げ込む（シーズン5限定）,Throw the box sealing the penguin into the void (Season 5 only),Jeter la caisse qui scelle le pingouin dans le vide (saison 5 uniquement),Getta nel vuoto la cassa che sigilla il pinguino (solo Stagione 5),Die Kiste mit dem versiegelten Pinguin in die Leere werfen (nur Season 5),Lanzar al vacío la caja que sella al pingüino (solo Temporada 5),رمي الصندوق الذي يحبس البطريق في الفراغ (الموسم الخامس فقط),펭귄이 봉인된 상자를 공허에 던지기 (시즌 5 한정),Jogar no vazio a caixa que sela o pinguim (apenas Temporada 5),Сбросить ящик с запечатанным пингвином в пустоту (только сезон 5),將封印企鵝的箱子丟進虛空（限第五賽季）,Wrzucić skrzynię z zapieczętowanym pingwinem w pustkę (tylko sezon 5),
achv.desc.101,成就说明：JFES170 #23,完成第六赛季网关简单版,シーズン6ゲートウェイのイージー版をクリアする,Complete the Season 6 Gateway Easy version,Terminer la version facile de la passerelle de la saison 6,Completare la versione facile del Portale della Stagione 6,Die einfache Version des Season 6 Tors abschließen,Completar la versión fácil del Portal de la Temporada 6,إكمال النسخة السهلة من بوابة الموسم السادس,시즌 6 게이트웨이 이지 버전 클리어하기,Completar a versão fácil do Gateway da Temporada 6,Пройти лёгкую версию шлюза сезона 6,完成第六賽季網關簡單版,Ukończyć łatwą wersję bramy sezonu 6,
achv.desc.102,成就说明：JFES170 #24,在得分区累计获得20分,得点エリアで累計20点を獲得する,Accumulate 20 points in the scoring zone,Cumuler 20 points dans la zone de score,Accumulare 20 punti nella zona punti,Im Punktebereich insgesamt 20 Punkte sammeln,Acumular 20 puntos en la zona de puntuación,جمع 20 نقطة في منطقة النقاط,득점 구역에서 누적 20점 획득하기,Acumular 20 pontos na zona de pontuação,Набрать 20 очков в зоне подсчёта,在得分區累計獲得20分,Zdobyć łącznie 20 punktów w strefie punktowej,
achv.desc.103,成就说明：JFES170 #25,在得分光累计获得20分,スコアライトで累計20点を獲得する,Accumulate 20 points in the score light,Cumuler 20 points dans la lumière de score,Accumulare 20 punti nella luce del punteggio,Im Punktelicht insgesamt 20 Punkte sammeln,Acumular 20 puntos en la luz de puntuación,جمع 20 نقطة في ضوء النقاط,스코어 라이트에서 누적 20점 획득하기,Acumular 20 pontos na luz de pontuação,Набрать 20 очков в световом секторе,在得分光累計獲得20分,Zdobyć łącznie 20 punktów w świetle punktowym,
achv.desc.104,成就说明：JFES170 #26,完成第七赛季网关简单版,シーズン7ゲートウェイのイージー版をクリアする,Complete the Season 7 Gateway Easy version,Terminer la version facile de la passerelle de la saison 7,Completare la versione facile del Portale della Stagione 7,Die einfache Version des Season 7 Tors abschließen,Completar la versión fácil del Portal de la Temporada 7,إكمال النسخة السهلة من بوابة الموسم السابع,시즌 7 게이트웨이 이지 버전 클리어하기,Completar a versão fácil do Gateway da Temporada 7,Пройти лёгкую версию шлюза сезона 7,完成第七賽季網關簡單版,Ukończyć łatwą wersję bramy sezonu 7,
achv.desc.105,成就说明：JFES170 #27,穿越所有圈圈（限第七赛季）,すべての輪をくぐる（シーズン7限定）,Pass through all the rings (Season 7 only),Passer à travers tous les anneaux (saison 7 uniquement),Passare attraverso tutti gli anelli (solo Stagione 7),Durch alle Ringe gehen (nur Season 7),Pasar por todos los anillos (solo Temporada 7),المرور عبر جميع الحلقات (الموسم السابع فقط),모든 고리 통과하기 (시즌 7 한정),Passar por todos os anéis (apenas Temporada 7),Пройти через все кольца (только сезон 7),穿越所有圈圈（限第七賽季）,Przejść przez wszystkie pierścienie (tylko sezon 7),
achv.desc.106,成就说明：JFES170 #28,将排球顶进虚空,バレーボールを虚空に叩き込む,Spike the volleyball into the void,Envoyer la balle de volley dans le vide,Schiacciare la palla da volley nel vuoto,Den Volleyball in die Leere schmettern,Rematar el balón de voleibol al vacío,إرسال كرة الطائرة إلى الفراغ,배구공을 공허로 강타하기,Cortar a bola de vôlei para o vazio,Забить волейбольный мяч в пустоту,將排球頂進虛空,Wbić piłkę do siatkówki w pustkę,
achv.desc.107,成就说明：JFES170 #29,完成第八赛季网关简单版,シーズン8ゲートウェイのイージー版をクリアする,Complete the Season 8 Gateway Easy version,Terminer la version facile de la passerelle de la saison 8,Completare la versione facile del Portale della Stagione 8,Die einfache Version des Season 8 Tors abschließen,Completar la versión fácil del Portal de la Temporada 8,إكمال النسخة السهلة من بوابة الموسم الثامن,시즌 8 게이트웨이 이지 버전 클리어하기,Completar a versão fácil do Gateway da Temporada 8,Пройти лёгкую версию шлюза сезона 8,完成第八賽季網關簡單版,Ukończyć łatwą wersję bramy sezonu 8,
achv.desc.108,成就说明：JFES170 #30,踩下未来的按钮,未来のボタンを押す,Press the future button,Appuyer sur le bouton du futur,Premere il pulsante del futuro,Den Zukunfts-Knopf drücken,Pulsar el botón del futuro,الضغط على زر المستقبل,미래 버튼 누르기,Pressionar o botão do futuro,Нажать кнопку будущего,踩下未來的按鈕,Nacisnąć przycisk przyszłości,
achv.desc.109,成就说明：JFES170 #31,观赏图案,模様を鑑賞する,Admire the pattern,Admirer le motif,Ammirare il motivo,Das Muster bewundern,Admirar el patrón,مشاهدة النمط,무늬 감상하기,Admirar o padrão,Полюбоваться узором,觀賞圖案,Podziwiać wzór,
achv.desc.110,成就说明：JFES170 #32,完成第九赛季网关简单版,シーズン9ゲートウェイのイージー版をクリアする,Complete the Season 9 Gateway Easy version,Terminer la version facile de la passerelle de la saison 9,Completare la versione facile del Portale della Stagione 9,Die einfache Version des Season 9 Tors abschließen,Completar la versión fácil del Portal de la Temporada 9,إكمال النسخة السهلة من بوابة الموسم التاسع,시즌 9 게이트웨이 이지 버전 클리어하기,Completar a versão fácil do Gateway da Temporada 9,Пройти лёгкую версию шлюза сезона 9,完成第九賽季網關簡單版,Ukończyć łatwą wersję bramy sezonu 9,
achv.desc.111,成就说明：JFES170 #33,累计穿越10个圈圈（限第九赛季）,累計10個の輪をくぐる（シーズン9限定）,Pass through 10 rings in total (Season 9 only),Passer à travers 10 anneaux au total (saison 9 uniquement),Passare attraverso 10 anelli in totale (solo Stagione 9),Insgesamt durch 10 Ringe gehen (nur Season 9),Pasar por 10 anillos en total (solo Temporada 9),المرور عبر 10 حلقات إجمالًا (الموسم التاسع فقط),누적 10개의 고리 통과하기 (시즌 9 한정),Passar por 10 anéis no total (apenas Temporada 9),Пройти через 10 колец всего (только сезон 9),累計穿越10個圈圈（限第九賽季）,Przejść przez 10 pierścieni łącznie (tylko sezon 9),
achv.desc.112,成就说明：JFES170 #34,完成所有网关简单版,すべてのゲートウェイのイージー版をクリアする,Complete all Gateway Easy versions,Terminer toutes les versions faciles des passerelles,Completare tutte le versioni facili dei Portali,Alle einfachen Versionen der Tore abschließen,Completar todas las versiones fáciles de los Portales,إكمال جميع النسخ السهلة من البوابات,모든 게이트웨이 이지 버전 클리어하기,Completar todas as versões fáceis dos Gateways,Пройти все лёгкие версии шлюзов,完成所有網關簡單版,Ukończyć wszystkie łatwe wersje bram,
achv.desc.113,成就说明：JFES170 #35,完成目眩山巅模改领域,目眩の山頂改造領域をクリアする,Complete the Dizzy Summit Modded Realm,Terminer le Domaine modifié : Sommet vertigineux,Completare il Regno modificato: Vetta vertiginosa,Das Modifizierte Reich „Schwindelgipfel“ abschließen,Completar el Reino modificado: Cumbre vertiginosa,إكمال عالم قمة دوارة المعدّل,아찔한 산정 모드 영역 클리어하기,Completar o Reino modificado: Cume vertiginoso,Пройти изменённое королевство «Головокружительная вершина»,完成目眩山巔模改領域,Ukończyć zmodyfikowane królestwo: Oszałamiający szczyt,
achv.desc.114,成就说明：JFES170 #36,完成连躲带落模改领域,避けて落ちる改造領域をクリアする,Complete the Dodge and Drop Modded Realm,Terminer le Domaine modifié : Esquive et chute,Completare il Regno modificato: Schiva e cadi,Das Modifizierte Reich „Ausweichen und fallen“ abschließen,Completar el Reino modificado: Esquiva y cae,إكمال عالم تفادَ واسقط المعدّل,피하고 떨어지기 모드 영역 클리어하기,Completar o Reino modificado: Esquive e caia,Пройти изменённое королевство «Уклоняйся и падай»,完成連躲帶落模改領域,Ukończyć zmodyfikowane królestwo: Unikaj i spadaj,
achv.desc.115,成就说明：JFES170 #37,完成五花八门模改领域,五花八門改造領域をクリアする,Complete the All Sorts Modded Realm,Terminer le Domaine modifié : Toutes sortes,Completare il Regno modificato: Ogni sorta,Das Modifizierte Reich „Allerlei“ abschließen,Completar el Reino modificado: Toda clase,إكمال عالم كل الأنواع المعدّل,갖가지 모드 영역 클리어하기,Completar o Reino modificado: De todo um pouco,Пройти изменённое королевство «Всякая всячина»,完成五花八門模改領域,Ukończyć zmodyfikowane królestwo: Wszelkiego rodzaju,
achv.desc.116,成就说明：JFES170 #38,完成障碍狂欢模改领域,障害カーニバル改造領域をクリアする,Complete the Obstacle Carnival Modded Realm,Terminer le Domaine modifié : Carnaval d’obstacles,Completare il Regno modificato: Carnevale di ostacoli,Das Modifizierte Reich „Hindernis-Karneval“ abschließen,Completar el Reino modificado: Carnaval de obstáculos,إكمال عالم كرنفال العوائق المعدّل,장애물 카니발 모드 영역 클리어하기,Completar o Reino modificado: Carnaval de obstáculos,Пройти изменённое королевство «Карнавал препятствий»,完成障礙狂歡模改領域,Ukończyć zmodyfikowane królestwo: Karnawał przeszkód,
achv.desc.117,成就说明：JFES170 #39,完成跷跷板模改领域,シーソー改造領域をクリアする,Complete the Seesaw Modded Realm,Terminer le Domaine modifié : Balançoire,Completare il Regno modificato: Altalena,Das Modifizierte Reich „Wippe“ abschließen,Completar el Reino modificado: Balancín,إكمال عالم الأرجوحة المعدّل,시소 모드 영역 클리어하기,Completar o Reino modificado: Gangorra,Пройти изменённое королевство «Качели»,完成蹺蹺板模改領域,Ukończyć zmodyfikowane królestwo: Huśtawka,
achv.desc.118,成就说明：JFES170 #40,完成水涨爬高模改领域,水増し登り改造領域をクリアする,Complete the Rising Water Climb Modded Realm,Terminer le Domaine modifié : Montée des eaux,Completare il Regno modificato: Scalata delle acque,Das Modifizierte Reich „Steigendes Wasser“ abschließen,Completar el Reino modificado: Subida del agua,إكمال عالم تسلق الماء المعدّل,물 오르는 등반 모드 영역 클리어하기,Completar o Reino modificado: Subida da água,Пройти изменённое королевство «Подъём воды»,完成水漲爬高模改領域,Ukończyć zmodyfikowane królestwo: Wspinaczka w wodzie,
achv.desc.119,成就说明：JFES170 #41,完成旋转木马模改领域,メリーゴーランド改造領域をクリアする,Complete the Carousel Modded Realm,Terminer le Domaine modifié : Carrousel,Completare il Regno modificato: Giostra,Das Modifizierte Reich „Karussell“ abschließen,Completar el Reino modificado: Carrusel,إكمال عالم الدوامة المعدّل,회전목마 모드 영역 클리어하기,Completar o Reino modificado: Carrossel,Пройти изменённое королевство «Карусель»,完成旋轉木馬模改領域,Ukończyć zmodyfikowane królestwo: Karuzela,
achv.desc.120,成就说明：JFES170 #42,完成踮踮脚尖模改领域,つま先立ち改造領域をクリアする,Complete the Tiptoe Modded Realm,Terminer le Domaine modifié : Sur la pointe des pieds,Completare il Regno modificato: In punta di piedi,Das Modifizierte Reich „Auf Zehenspitzen“ abschließen,Completar el Reino modificado: De puntillas,إكمال عالم على أطراف الأصابع المعدّل,발끝으로 모드 영역 클리어하기,Completar o Reino modificado: Na ponta dos pés,Пройти изменённое королевство «На цыпочках»,完成踮踮腳尖模改領域,Ukończyć zmodyfikowane królestwo: Na palcach,
achv.desc.121,成就说明：JFES170 #43,完成骑士狂热模改领域,ナイトフィーバー改造領域をクリアする,Complete the Knight Fever Modded Realm,Terminer le Domaine modifié : Fièvre du chevalier,Completare il Regno modificato: Febbre del cavaliere,Das Modifizierte Reich „Ritterfieber“ abschließen,Completar el Reino modificado: Fiebre del caballero,إكمال عالم حمى الفارس المعدّل,기사 열풍 모드 영역 클리어하기,Completar o Reino modificado: Febre do cavaleiro,Пройти изменённое королевство «Рыцарская лихорадка»,完成騎士狂熱模改領域,Ukończyć zmodyfikowane królestwo: Gorączka rycerza,
achv.desc.122,成就说明：JFES170 #44,完成攀墙豆士模改领域,ウォールクライマー改造領域をクリアする,Complete the Wall Climber Modded Realm,Terminer le Domaine modifié : Grimpeur de murs,Completare il Regno modificato: Scalatore di muri,Das Modifizierte Reich „Wandkletterer“ abschließen,Completar el Reino modificado: Escalador de muros,إكمال عالم متسلق الجدران المعدّل,벽 타는 콩 모드 영역 클리어하기,Completar o Reino modificado: Escalador de paredes,Пройти изменённое королевство «Скалолаз»,完成攀墻豆士模改領域,Ukończyć zmodyfikowane królestwo: Wspinacz ścian,
achv.desc.123,成就说明：JFES170 #45,完成大风车转转转模改领域,大風車グルグル改造領域をクリアする,Complete the Windmill Spin Modded Realm,Terminer le Domaine modifié : Moulin qui tourne,Completare il Regno modificato: Mulino che gira,Das Modifizierte Reich „Windrad dreht sich“ abschließen,Completar el Reino modificado: Molino girando,إكمال عالم الطاحونة تدور المعدّل,풍차 빙글빙글 모드 영역 클리어하기,Completar o Reino modificado: Moinho girando,Пройти изменённое королевство «Мельница крутится»,完成大風車轉轉轉模改領域,Ukończyć zmodyfikowane królestwo: Wiatrak się kręci,
achv.desc.124,成就说明：JFES170 #46,完成严寒冰峰模改领域,極寒の氷峰改造領域をクリアする,Complete the Frozen Peak Modded Realm,Terminer le Domaine modifié : Pic glacé,Completare il Regno modificato: Vetta gelida,Das Modifizierte Reich „Eiskalter Gipfel“ abschließen,Completar el Reino modificado: Pico helado,إكمال عالم القمة المتجمدة المعدّل,혹한의 빙봉 모드 영역 클리어하기,Completar o Reino modificado: Pico congelado,Пройти изменённое королевство «Ледяная вершина»,完成嚴寒冰峰模改領域,Ukończyć zmodyfikowane królestwo: Mroźny szczyt,
achv.desc.125,成就说明：JFES170 #47,完成苔原冲关模改领域,ツンドラアタック改造領域をクリアする,Complete the Tundra Dash Modded Realm,Terminer le Domaine modifié : Sprint de la toundra,Completare il Regno modificato: Corsa nella tundra,Das Modifizierte Reich „Tundra-Ansturm“ abschließen,Completar el Reino modificado: Carrera en la tundra,إكمال عالم اندفاع التندرا المعدّل,툰드라 돌파 모드 영역 클리어하기,Completar o Reino modificado: Corrida na tundra,Пройти изменённое королевство «Бросок по тундре»,完成苔原沖關模改領域,Ukończyć zmodyfikowane królestwo: Bieg po tundrze,
achv.desc.126,成就说明：JFES170 #48,完成滚滚而去模改领域,転がり去る改造領域をクリアする,Complete the Roll Away Modded Realm,Terminer le Domaine modifié : Roule au loin,Completare il Regno modificato: Rotola via,Das Modifizierte Reich „Roll davon“ abschließen,Completar el Reino modificado: Rueda y vete,إكمال عالم تدحرج بعيدًا المعدّل,굴러가기 모드 영역 클리어하기,Completar o Reino modificado: Role para longe,Пройти изменённое королевство «Укатись»,完成滾滾而去模改領域,Ukończyć zmodyfikowane królestwo: Tocz się,
achv.desc.127,成就说明：JFES170 #49,完成田径短路模改领域,陸上ショート改造領域をクリアする,Complete the Track Shortcut Modded Realm,Terminer le Domaine modifié : Raccourci d’athlétisme,Completare il Regno modificato: Scorciatoia atletica,Das Modifizierte Reich „Leichtathletik-Abkürzung“ abschließen,Completar el Reino modificado: Atajo atlético,إكمال عالم مختصر ألعاب القوى المعدّل,육상 지름길 모드 영역 클리어하기,Completar o Reino modificado: Atalho de atletismo,Пройти изменённое королевство «Легкоатлетический срез»,完成田徑短路模改領域,Ukończyć zmodyfikowane królestwo: Skrót lekkoatletyczny,
achv.desc.128,成就说明：JFES170 #50,完成天际大冲关模改领域,スカイラインアタック改造領域をクリアする,Complete the Skyline Dash Modded Realm,Terminer le Domaine modifié : Sprint du ciel,Completare il Regno modificato: Corsa del cielo,Das Modifizierte Reich „Skyline-Ansturm“ abschließen,Completar el Reino modificado: Carrera del cielo,إكمال عالم اندفاع الأفق المعدّل,스카이라인 돌파 모드 영역 클리어하기,Completar o Reino modificado: Corrida no horizonte,Пройти изменённое королевство «Небесный бросок»,完成天際大沖關模改領域,Ukończyć zmodyfikowane królestwo: Bieg po horyzoncie,
achv.desc.129,成就说明：JFES170 #51,完成摩天黏液模改领域,摩天楼スライム改造領域をクリアする,Complete the Skyscraper Slime Modded Realm,Terminer le Domaine modifié : Slime des gratte-ciels,Completare il Regno modificato: Slime dei grattacieli,Das Modifizierte Reich „Wolkenkratzer-Schleim“ abschließen,Completar el Reino modificado: Limo de rascacielos,إكمال عالم وحل ناطحات السحاب المعدّل,마천루 슬라임 모드 영역 클리어하기,Completar o Reino modificado: Gosma dos arranha-céus,Пройти изменённое королевство «Слизь небоскрёбов»,完成摩天黏液模改領域,Ukończyć zmodyfikowane królestwo: Śluz wieżowców,
achv.desc.130,成就说明：JFES170 #52,完成林间跃动模改领域,森のジャンプ改造領域をクリアする,Complete the Forest Leap Modded Realm,Terminer le Domaine modifié : Saut des bois,Completare il Regno modificato: Salto nel bosco,Das Modifizierte Reich „Waldsprung“ abschließen,Completar el Reino modificado: Salto del bosque,إكمال عالم قفزة الغابة المعدّل,숲속 도약 모드 영역 클리어하기,Completar o Reino modificado: Salto na floresta,Пройти изменённое королевство «Лесной прыжок»,完成林間躍動模改領域,Ukończyć zmodyfikowane królestwo: Skok w lesie,
achv.desc.131,成就说明：JFES170 #53,完成丛林探险模改领域,ジャングル探検改造領域をクリアする,Complete the Jungle Expedition Modded Realm,Terminer le Domaine modifié : Expédition en jungle,Completare il Regno modificato: Spedizione nella giungla,Das Modifizierte Reich „Dschungel-Expedition“ abschließen,Completar el Reino modificado: Expedición en la selva,إكمال عالم رحلة الأدغال المعدّل,정글 탐험 모드 영역 클리어하기,Completar o Reino modificado: Expedição na selva,Пройти изменённое королевство «Экспедиция в джунглях»,完成叢林探險模改領域,Ukończyć zmodyfikowane królestwo: Wyprawa do dżungli,
achv.desc.132,成就说明：JFES170 #54,完成摇晃转盘模改领域,揺れるターンテーブル改造領域をクリアする,Complete the Wobbly Turntable Modded Realm,Terminer le Domaine modifié : Plateau branlant,Completare il Regno modificato: Giradischi traballante,Das Modifizierte Reich „Wackel-Drehteller“ abschließen,Completar el Reino modificado: Plataforma tambaleante,إكمال عالم القرص المتأرجح المعدّل,흔들리는 턴테이블 모드 영역 클리어하기,Completar o Reino modificado: Prato giratório instável,Пройти изменённое королевство «Шаткая вертушка»,完成搖晃轉盤模改領域,Ukończyć zmodyfikowane królestwo: Chwiejny obrotowy,
achv.desc.133,成就说明：JFES170 #55,完成派对大道模改领域,パーティー大通り改造領域をクリアする,Complete the Party Boulevard Modded Realm,Terminer le Domaine modifié : Boulevard de la fête,Completare il Regno modificato: Viale della festa,Das Modifizierte Reich „Partyprachtstraße“ abschließen,Completar el Reino modificado: Bulevar de fiesta,إكمال عالم جادة الحفلة المعدّل,파티 대로 모드 영역 클리어하기,Completar o Reino modificado: Avenida da festa,Пройти изменённое королевство «Праздничный бульвар»,完成派對大道模改領域,Ukończyć zmodyfikowane królestwo: Bulwar imprezy,
achv.desc.134,成就说明：JFES170 #56,完成梦幻管道模改领域,夢のパイプ改造領域をクリアする,Complete the Dream Pipe Modded Realm,Terminer le Domaine modifié : Tuyau de rêve,Completare il Regno modificato: Tubo dei sogni,Das Modifizierte Reich „Traumröhre“ abschließen,Completar el Reino modificado: Tubería de ensueño,إكمال عالم أنبوب الحلم المعدّل,꿈의 파이프 모드 영역 클리어하기,Completar o Reino modificado: Tubo dos sonhos,Пройти изменённое королевство «Труба мечты»,完成夢幻管道模改領域,Ukończyć zmodyfikowane królestwo: Rura marzeń,
achv.desc.135,成就说明：JFES170 #57,完成高速赛道模改领域,ハイウェイコース改造領域をクリアする,Complete the Highway Course Modded Realm,Terminer le Domaine modifié : Circuit rapide,Completare il Regno modificato: Circuito veloce,Das Modifizierte Reich „Schnellstrecke“ abschließen,Completar el Reino modificado: Circuito veloz,إكمال عالم حلبة سريعة المعدّل,고속 트랙 모드 영역 클리어하기,Completar o Reino modificado: Pista veloz,Пройти изменённое королевство «Скоростная трасса»,完成高速賽道模改領域,Ukończyć zmodyfikowane królestwo: Szybki tor,
achv.desc.136,成就说明：JFES170 #58,完成障碍田径赛模改领域,障害陸上競技改造領域をクリアする,Complete the Obstacle Track Modded Realm,Terminer le Domaine modifié : Athlétisme d’obstacles,Completare il Regno modificato: Atletica a ostacoli,Das Modifizierte Reich „Hindernis-Leichtathletik“ abschließen,Completar el Reino modificado: Atletismo con obstáculos,إكمال عالم ألعاب قوى بالعوائق المعدّل,장애물 육상 모드 영역 클리어하기,Completar o Reino modificado: Atletismo com obstáculos,Пройти изменённое королевство «Легкоатлетический барьер»,完成障礙田徑賽模改領域,Ukończyć zmodyfikowane królestwo: Lekkoatletyka z przeszkodami,
achv.desc.137,成就说明：JFES170 #59,完成星际快道模改领域,スター高速道改造領域をクリアする,Complete the Star Speedway Modded Realm,Terminer le Domaine modifié : Voie rapide stellaire,Completare il Regno modificato: Pista stellare,Das Modifizierte Reich „Sternenschnellweg“ abschließen,Completar el Reino modificado: Autopista estelar,إكمال عالم الطريق النجمي المعدّل,성간 고속도로 모드 영역 클리어하기,Completar o Reino modificado: Via rápida estelar,Пройти изменённое королевство «Звёздная трасса»,完成星際快道模改領域,Ukończyć zmodyfikowane królestwo: Gwiezdny tor,
achv.desc.138,成就说明：JFES170 #60,完成太空竞速模改领域,宇宙レース改造領域をクリアする,Complete the Space Race Modded Realm,Terminer le Domaine modifié : Course spatiale,Completare il Regno modificato: Corsa spaziale,Das Modifizierte Reich „Weltraumrennen“ abschließen,Completar el Reino modificado: Carrera espacial,إكمال عالم سباق الفضاء المعدّل,우주 레이스 모드 영역 클리어하기,Completar o Reino modificado: Corrida espacial,Пройти изменённое королевство «Космическая гонка»,完成太空競速模改領域,Ukończyć zmodyfikowane królestwo: Wyścig kosmiczny,
achv.desc.139,成就说明：JFES170 #61,完成糖豆坡上飞模改领域,ビーン坂飛び改造領域をクリアする,Complete the Bean Slope Flyer Modded Realm,Terminer le Domaine modifié : Vol sur la pente,Completare il Regno modificato: Volo sulla salita,Das Modifizierte Reich „Bean-Hangflug“ abschließen,Completar el Reino modificado: Vuelo en la cuesta,إكمال عالم طيران على المنحدر المعدّل,콩 언덕 비행 모드 영역 클리어하기,Completar o Reino modificado: Voo na rampa,Пройти изменённое королевство «Полёт с горки»,完成糖豆坡上飛模改領域,Ukończyć zmodyfikowane królestwo: Lot na zboczu,
achv.desc.140,成就说明：JFES170 #62,取得所有逆向S评价,すべてのリバースS評価を取得する,Earn all Reverse S ranks,Obtenir tous les rangs S du mode Inversé,Ottenere tutti i ranghi S in modalità Inversa,Alle S-Ränge im Umgekehrt-Modus erhalten,Obtener todos los rangos S en el modo Inverso,الحصول على جميع تقييمات S في الوضع المعكوس,모든 리버스 S 랭크 획득하기,Obter todos os ranks S no modo Invertido,Получить все оценки S в режиме «Обратный»,取得所有逆向S評價,Zdobyć wszystkie oceny S w trybie Odwróconym,
achv.desc.141,成就说明：JFES170 #63,从第一赛季网关终点回到起点,シーズン1ゲートウェイの終点から始点へ戻る,Return from the finish of the Season 1 Gateway to the start,Revenir de l'arrivée de la passerelle de la saison 1 au départ,Tornare dall'arrivo del Portale della Stagione 1 alla partenza,Vom Ziel des Season 1 Tors zum Start zurückkehren,Volver de la meta del Portal de la Temporada 1 al inicio,العودة من نهاية بوابة الموسم الأول إلى البداية,시즌 1 게이트웨이 종점에서 시작점으로 돌아가기,Voltar da chegada do Gateway da Temporada 1 ao início,Вернуться от финиша шлюза сезона 1 к старту,從第一賽季網關終點回到起點,Wrócić z mety bramy sezonu 1 na start,
achv.desc.142,成就说明：JFES170 #64,从第二赛季网关终点回到起点,シーズン2ゲートウェイの終点から始点へ戻る,Return from the finish of the Season 2 Gateway to the start,Revenir de l'arrivée de la passerelle de la saison 2 au départ,Tornare dall'arrivo del Portale della Stagione 2 alla partenza,Vom Ziel des Season 2 Tors zum Start zurückkehren,Volver de la meta del Portal de la Temporada 2 al inicio,العودة من نهاية بوابة الموسم الثاني إلى البداية,시즌 2 게이트웨이 종점에서 시작점으로 돌아가기,Voltar da chegada do Gateway da Temporada 2 ao início,Вернуться от финиша шлюза сезона 2 к старту,從第二賽季網關終點回到起點,Wrócić z mety bramy sezonu 2 na start,
achv.desc.143,成就说明：JFES170 #65,从第三赛季网关终点回到起点,シーズン3ゲートウェイの終点から始点へ戻る,Return from the finish of the Season 3 Gateway to the start,Revenir de l'arrivée de la passerelle de la saison 3 au départ,Tornare dall'arrivo del Portale della Stagione 3 alla partenza,Vom Ziel des Season 3 Tors zum Start zurückkehren,Volver de la meta del Portal de la Temporada 3 al inicio,العودة من نهاية بوابة الموسم الثالث إلى البداية,시즌 3 게이트웨이 종점에서 시작점으로 돌아가기,Voltar da chegada do Gateway da Temporada 3 ao início,Вернуться от финиша шлюза сезона 3 к старту,從第三賽季網關終點回到起點,Wrócić z mety bramy sezonu 3 na start,
achv.desc.144,成就说明：JFES170 #66,从第四赛季网关终点回到起点,シーズン4ゲートウェイの終点から始点へ戻る,Return from the finish of the Season 4 Gateway to the start,Revenir de l'arrivée de la passerelle de la saison 4 au départ,Tornare dall'arrivo del Portale della Stagione 4 alla partenza,Vom Ziel des Season 4 Tors zum Start zurückkehren,Volver de la meta del Portal de la Temporada 4 al inicio,العودة من نهاية بوابة الموسم الرابع إلى البداية,시즌 4 게이트웨이 종점에서 시작점으로 돌아가기,Voltar da chegada do Gateway da Temporada 4 ao início,Вернуться от финиша шлюза сезона 4 к старту,從第四賽季網關終點回到起點,Wrócić z mety bramy sezonu 4 na start,
achv.desc.145,成就说明：JFES170 #67,从第五赛季网关终点回到起点,シーズン5ゲートウェイの終点から始点へ戻る,Return from the finish of the Season 5 Gateway to the start,Revenir de l'arrivée de la passerelle de la saison 5 au départ,Tornare dall'arrivo del Portale della Stagione 5 alla partenza,Vom Ziel des Season 5 Tors zum Start zurückkehren,Volver de la meta del Portal de la Temporada 5 al inicio,العودة من نهاية بوابة الموسم الخامس إلى البداية,시즌 5 게이트웨이 종점에서 시작점으로 돌아가기,Voltar da chegada do Gateway da Temporada 5 ao início,Вернуться от финиша шлюза сезона 5 к старту,從第五賽季網關終點回到起點,Wrócić z mety bramy sezonu 5 na start,
achv.desc.146,成就说明：JFES170 #68,从摇晃转盘模改领域终点回到起点,揺れるターンテーブル改造領域の終点から始点へ戻る,Return from the finish of the Wobbly Turntable Modded Realm to the start,Revenir de l'arrivée du Domaine modifié : Plateau branlant au départ,Tornare dall'arrivo del Regno modificato: Giradischi traballante alla partenza,Vom Ziel des Modifizierten Reichs „Wackel-Drehteller“ zum Start zurückkehren,Volver de la meta del Reino modificado: Plataforma tambaleante al inicio,العودة من نهاية عالم القرص المتأرجح المعدّل إلى البداية,흔들리는 턴테이블 모드 영역 종점에서 시작점으로 돌아가기,Voltar da chegada do Reino modificado: Prato giratório instável ao início,Вернуться от финиша изменённого королевства «Шаткая вертушка» к старту,從搖晃轉盤模改領域終點回到起點,Wrócić z mety zmodyfikowanego królestwa: Chwiejny obrotowy na start,
achv.desc.147,成就说明：JFES170 #69,从障碍田径赛模改领域终点回到起点,障害陸上競技改造領域の終点から始点へ戻る,Return from the finish of the Obstacle Track Modded Realm to the start,Revenir de l'arrivée du Domaine modifié : Athlétisme d’obstacles au départ,Tornare dall'arrivo del Regno modificato: Atletica a ostacoli alla partenza,Vom Ziel des Modifizierten Reichs „Hindernis-Leichtathletik“ zum Start zurückkehren,Volver de la meta del Reino modificado: Atletismo con obstáculos al inicio,العودة من نهاية عالم ألعاب قوى بالعوائق المعدّل إلى البداية,장애물 육상 모드 영역 종점에서 시작점으로 돌아가기,Voltar da chegada do Reino modificado: Atletismo com obstáculos ao início,Вернуться от финиша изменённого королевства «Легкоатлетический барьер» к старту,從障礙田徑賽模改領域終點回到起點,Wrócić z mety zmodyfikowanego królestwa: Lekkoatletyka z przeszkodami na start,
achv.desc.148,成就说明：JFES170 #70,从第八赛季网关终点回到起点,シーズン8ゲートウェイの終点から始点へ戻る,Return from the finish of the Season 8 Gateway to the start,Revenir de l'arrivée de la passerelle de la saison 8 au départ,Tornare dall'arrivo del Portale della Stagione 8 alla partenza,Vom Ziel des Season 8 Tors zum Start zurückkehren,Volver de la meta del Portal de la Temporada 8 al inicio,العودة من نهاية بوابة الموسم الثامن إلى البداية,시즌 8 게이트웨이 종점에서 시작점으로 돌아가기,Voltar da chegada do Gateway da Temporada 8 ao início,Вернуться от финиша шлюза сезона 8 к старту,從第八賽季網關終點回到起點,Wrócić z mety bramy sezonu 8 na start,
achv.desc.149,成就说明：JFES170 #71,从第九赛季网关终点回到起点,シーズン9ゲートウェイの終点から始点へ戻る,Return from the finish of the Season 9 Gateway to the start,Revenir de l'arrivée de la passerelle de la saison 9 au départ,Tornare dall'arrivo del Portale della Stagione 9 alla partenza,Vom Ziel des Season 9 Tors zum Start zurückkehren,Volver de la meta del Portal de la Temporada 9 al inicio,العودة من نهاية بوابة الموسم التاسع إلى البداية,시즌 9 게이트웨이 종점에서 시작점으로 돌아가기,Voltar da chegada do Gateway da Temporada 9 ao início,Вернуться от финиша шлюза сезона 9 к старту,從第九賽季網關終點回到起點,Wrócić z mety bramy sezonu 9 na start,
achv.desc.150,成就说明：JFES170 #72,取得所有极速S评价,すべてのスピードS評価を取得する,Earn all Speed S ranks,Obtenir tous les rangs S du mode Vitesse,Ottenere tutti i ranghi S in modalità Velocità,Alle S-Ränge im Tempo-Modus erhalten,Obtener todos los rangos S en el modo Velocidad,الحصول على جميع تقييمات S في وضع السرعة,모든 스피드 S 랭크 획득하기,Obter todos os ranks S no modo Velocidade,Получить все оценки S в режиме «Скорость»,取得所有極速S評價,Zdobyć wszystkie oceny S w trybie Szybkości,
achv.desc.151,成就说明：JFES170 #73,14分钟内通关第一赛季网关,14分以内にシーズン1ゲートウェイをクリアする,Complete the Season 1 Gateway within 14 minutes,Terminer la passerelle de la saison 1 en 14 minutes,Completare il Portale della Stagione 1 entro 14 minuti,Das Season 1 Tor innerhalb von 14 Minuten abschließen,Completar el Portal de la Temporada 1 en 14 minutos,إكمال بوابة الموسم الأول خلال 14 دقيقة,14분 안에 시즌 1 게이트웨이 클리어하기,Completar o Gateway da Temporada 1 em 14 minutos,Пройти шлюз сезона 1 за 14 минут,14分鐘內通關第一賽季網關,Ukończyć bramę sezonu 1 w 14 minut,
achv.desc.152,成就说明：JFES170 #74,6分钟内通关第二赛季网关,6分以内にシーズン2ゲートウェイをクリアする,Complete the Season 2 Gateway within 6 minutes,Terminer la passerelle de la saison 2 en 6 minutes,Completare il Portale della Stagione 2 entro 6 minuti,Das Season 2 Tor innerhalb von 6 Minuten abschließen,Completar el Portal de la Temporada 2 en 6 minutos,إكمال بوابة الموسم الثاني خلال 6 دقائق,6분 안에 시즌 2 게이트웨이 클리어하기,Completar o Gateway da Temporada 2 em 6 minutos,Пройти шлюз сезона 2 за 6 минут,6分鐘內通關第二賽季網關,Ukończyć bramę sezonu 2 w 6 minut,
achv.desc.153,成就说明：JFES170 #75,4分钟内通关第三赛季网关,4分以内にシーズン3ゲートウェイをクリアする,Complete the Season 3 Gateway within 4 minutes,Terminer la passerelle de la saison 3 en 4 minutes,Completare il Portale della Stagione 3 entro 4 minuti,Das Season 3 Tor innerhalb von 4 Minuten abschließen,Completar el Portal de la Temporada 3 en 4 minutos,إكمال بوابة الموسم الثالث خلال 4 دقائق,4분 안에 시즌 3 게이트웨이 클리어하기,Completar o Gateway da Temporada 3 em 4 minutos,Пройти шлюз сезона 3 за 4 минуты,4分鐘內通關第三賽季網關,Ukończyć bramę sezonu 3 w 4 minuty,
achv.desc.154,成就说明：JFES170 #76,10分钟内通关第四赛季网关,10分以内にシーズン4ゲートウェイをクリアする,Complete the Season 4 Gateway within 10 minutes,Terminer la passerelle de la saison 4 en 10 minutes,Completare il Portale della Stagione 4 entro 10 minuti,Das Season 4 Tor innerhalb von 10 Minuten abschließen,Completar el Portal de la Temporada 4 en 10 minutos,إكمال بوابة الموسم الرابع خلال 10 دقائق,10분 안에 시즌 4 게이트웨이 클리어하기,Completar o Gateway da Temporada 4 em 10 minutos,Пройти шлюз сезона 4 за 10 минут,10分鐘內通關第四賽季網關,Ukończyć bramę sezonu 4 w 10 minut,
achv.desc.155,成就说明：JFES170 #77,6分钟内通关第五赛季网关,6分以内にシーズン5ゲートウェイをクリアする,Complete the Season 5 Gateway within 6 minutes,Terminer la passerelle de la saison 5 en 6 minutes,Completare il Portale della Stagione 5 entro 6 minuti,Das Season 5 Tor innerhalb von 6 Minuten abschließen,Completar el Portal de la Temporada 5 en 6 minutos,إكمال بوابة الموسم الخامس خلال 6 دقائق,6분 안에 시즌 5 게이트웨이 클리어하기,Completar o Gateway da Temporada 5 em 6 minutos,Пройти шлюз сезона 5 за 6 минут,6分鐘內通關第五賽季網關,Ukończyć bramę sezonu 5 w 6 minut,
achv.desc.156,成就说明：JFES170 #78,10分钟内通关第六赛季网关,10分以内にシーズン6ゲートウェイをクリアする,Complete the Season 6 Gateway within 10 minutes,Terminer la passerelle de la saison 6 en 10 minutes,Completare il Portale della Stagione 6 entro 10 minuti,Das Season 6 Tor innerhalb von 10 Minuten abschließen,Completar el Portal de la Temporada 6 en 10 minutos,إكمال بوابة الموسم السادس خلال 10 دقائق,10분 안에 시즌 6 게이트웨이 클리어하기,Completar o Gateway da Temporada 6 em 10 minutos,Пройти шлюз сезона 6 за 10 минут,10分鐘內通關第六賽季網關,Ukończyć bramę sezonu 6 w 10 minut,
achv.desc.157,成就说明：JFES170 #79,4分钟内通关第七赛季网关,4分以内にシーズン7ゲートウェイをクリアする,Complete the Season 7 Gateway within 4 minutes,Terminer la passerelle de la saison 7 en 4 minutes,Completare il Portale della Stagione 7 entro 4 minuti,Das Season 7 Tor innerhalb von 4 Minuten abschließen,Completar el Portal de la Temporada 7 en 4 minutos,إكمال بوابة الموسم السابع خلال 4 دقائق,4분 안에 시즌 7 게이트웨이 클리어하기,Completar o Gateway da Temporada 7 em 4 minutos,Пройти шлюз сезона 7 за 4 минуты,4分鐘內通關第七賽季網關,Ukończyć bramę sezonu 7 w 4 minuty,
achv.desc.158,成就说明：JFES170 #80,4分钟内通关第八赛季网关,4分以内にシーズン8ゲートウェイをクリアする,Complete the Season 8 Gateway within 4 minutes,Terminer la passerelle de la saison 8 en 4 minutes,Completare il Portale della Stagione 8 entro 4 minuti,Das Season 8 Tor innerhalb von 4 Minuten abschließen,Completar el Portal de la Temporada 8 en 4 minutos,إكمال بوابة الموسم الثامن خلال 4 دقائق,4분 안에 시즌 8 게이트웨이 클리어하기,Completar o Gateway da Temporada 8 em 4 minutos,Пройти шлюз сезона 8 за 4 минуты,4分鐘內通關第八賽季網關,Ukończyć bramę sezonu 8 w 4 minuty,
achv.desc.159,成就说明：JFES170 #81,2分钟内通关第九赛季网关,2分以内にシーズン9ゲートウェイをクリアする,Complete the Season 9 Gateway within 2 minutes,Terminer la passerelle de la saison 9 en 2 minutes,Completare il Portale della Stagione 9 entro 2 minuti,Das Season 9 Tor innerhalb von 2 Minuten abschließen,Completar el Portal de la Temporada 9 en 2 minutos,إكمال بوابة الموسم التاسع خلال دقيقتين,2분 안에 시즌 9 게이트웨이 클리어하기,Completar o Gateway da Temporada 9 em 2 minutos,Пройти шлюз сезона 9 за 2 минуты,2分鐘內通關第九賽季網關,Ukończyć bramę sezonu 9 w 2 minuty,
achv.desc.160,成就说明：JFES170 #82,取得所有绝命S评价,すべての絶命S評価を取得する,Earn all Crisis S ranks,Obtenir tous les rangs S du mode Crise,Ottenere tutti i ranghi S in modalità Crisi,Alle S-Ränge im Krisen-Modus erhalten,Obtener todos los rangos S en el modo Crisis,الحصول على جميع تقييمات S في وضع الأزمة,모든 위기 S 랭크 획득하기,Obter todos os ranks S no modo Crise,Получить все оценки S в режиме «Кризис»,取得所有絕命S評價,Zdobyć wszystkie oceny S w trybie Kryzysu,
achv.desc.161,成就说明：JFES170 #83,通关第一赛季网关且死亡小于25次,死亡25回未満でシーズン1ゲートウェイをクリアする,Complete the Season 1 Gateway with fewer than 25 deaths,Terminer la passerelle de la saison 1 avec moins de 25 morts,Completare il Portale della Stagione 1 con meno di 25 morti,Das Season 1 Tor mit weniger als 25 Toden abschließen,Completar el Portal de la Temporada 1 con menos de 25 muertes,إكمال بوابة الموسم الأول بأقل من 25 حالة موت,사망 25회 미만으로 시즌 1 게이트웨이 클리어하기,Completar o Gateway da Temporada 1 com menos de 25 mortes,"Пройти шлюз сезона 1, умерев меньше 25 раз",通關第一賽季網關且死亡小于25次,"Ukończyć bramę sezonu 1, ginąc mniej niż 25 razy",
achv.desc.162,成就说明：JFES170 #84,通关第二赛季网关且死亡小于15次,死亡15回未満でシーズン2ゲートウェイをクリアする,Complete the Season 2 Gateway with fewer than 15 deaths,Terminer la passerelle de la saison 2 avec moins de 15 morts,Completare il Portale della Stagione 2 con meno di 15 morti,Das Season 2 Tor mit weniger als 15 Toden abschließen,Completar el Portal de la Temporada 2 con menos de 15 muertes,إكمال بوابة الموسم الثاني بأقل من 15 حالة موت,사망 15회 미만으로 시즌 2 게이트웨이 클리어하기,Completar o Gateway da Temporada 2 com menos de 15 mortes,"Пройти шлюз сезона 2, умерев меньше 15 раз",通關第二賽季網關且死亡小于15次,"Ukończyć bramę sezonu 2, ginąc mniej niż 15 razy",
achv.desc.163,成就说明：JFES170 #85,通关第三赛季网关且死亡小于10次,死亡10回未満でシーズン3ゲートウェイをクリアする,Complete the Season 3 Gateway with fewer than 10 deaths,Terminer la passerelle de la saison 3 avec moins de 10 morts,Completare il Portale della Stagione 3 con meno di 10 morti,Das Season 3 Tor mit weniger als 10 Toden abschließen,Completar el Portal de la Temporada 3 con menos de 10 muertes,إكمال بوابة الموسم الثالث بأقل من 10 حالات موت,사망 10회 미만으로 시즌 3 게이트웨이 클리어하기,Completar o Gateway da Temporada 3 com menos de 10 mortes,"Пройти шлюз сезона 3, умерев меньше 10 раз",通關第三賽季網關且死亡小于10次,"Ukończyć bramę sezonu 3, ginąc mniej niż 10 razy",
achv.desc.164,成就说明：JFES170 #86,通关第四赛季网关且死亡小于30次,死亡30回未満でシーズン4ゲートウェイをクリアする,Complete the Season 4 Gateway with fewer than 30 deaths,Terminer la passerelle de la saison 4 avec moins de 30 morts,Completare il Portale della Stagione 4 con meno di 30 morti,Das Season 4 Tor mit weniger als 30 Toden abschließen,Completar el Portal de la Temporada 4 con menos de 30 muertes,إكمال بوابة الموسم الرابع بأقل من 30 حالة موت,사망 30회 미만으로 시즌 4 게이트웨이 클리어하기,Completar o Gateway da Temporada 4 com menos de 30 mortes,"Пройти шлюз сезона 4, умерев меньше 30 раз",通關第四賽季網關且死亡小于30次,"Ukończyć bramę sezonu 4, ginąc mniej niż 30 razy",
achv.desc.165,成就说明：JFES170 #87,通关第五赛季网关且死亡小于20次,死亡20回未満でシーズン5ゲートウェイをクリアする,Complete the Season 5 Gateway with fewer than 20 deaths,Terminer la passerelle de la saison 5 avec moins de 20 morts,Completare il Portale della Stagione 5 con meno di 20 morti,Das Season 5 Tor mit weniger als 20 Toden abschließen,Completar el Portal de la Temporada 5 con menos de 20 muertes,إكمال بوابة الموسم الخامس بأقل من 20 حالة موت,사망 20회 미만으로 시즌 5 게이트웨이 클리어하기,Completar o Gateway da Temporada 5 com menos de 20 mortes,"Пройти шлюз сезона 5, умерев меньше 20 раз",通關第五賽季網關且死亡小于20次,"Ukończyć bramę sezonu 5, ginąc mniej niż 20 razy",
achv.desc.166,成就说明：JFES170 #88,通关第六赛季网关且死亡小于40次,死亡40回未満でシーズン6ゲートウェイをクリアする,Complete the Season 6 Gateway with fewer than 40 deaths,Terminer la passerelle de la saison 6 avec moins de 40 morts,Completare il Portale della Stagione 6 con meno di 40 morti,Das Season 6 Tor mit weniger als 40 Toden abschließen,Completar el Portal de la Temporada 6 con menos de 40 muertes,إكمال بوابة الموسم السادس بأقل من 40 حالة موت,사망 40회 미만으로 시즌 6 게이트웨이 클리어하기,Completar o Gateway da Temporada 6 com menos de 40 mortes,"Пройти шлюз сезона 6, умерев меньше 40 раз",通關第六賽季網關且死亡小于40次,"Ukończyć bramę sezonu 6, ginąc mniej niż 40 razy",
achv.desc.167,成就说明：JFES170 #89,通关第七赛季网关且死亡小于15次,死亡15回未満でシーズン7ゲートウェイをクリアする,Complete the Season 7 Gateway with fewer than 15 deaths,Terminer la passerelle de la saison 7 avec moins de 15 morts,Completare il Portale della Stagione 7 con meno di 15 morti,Das Season 7 Tor mit weniger als 15 Toden abschließen,Completar el Portal de la Temporada 7 con menos de 15 muertes,إكمال بوابة الموسم السابع بأقل من 15 حالة موت,사망 15회 미만으로 시즌 7 게이트웨이 클리어하기,Completar o Gateway da Temporada 7 com menos de 15 mortes,"Пройти шлюз сезона 7, умерев меньше 15 раз",通關第七賽季網關且死亡小于15次,"Ukończyć bramę sezonu 7, ginąc mniej niż 15 razy",
achv.desc.168,成就说明：JFES170 #90,通关第八赛季网关且死亡小于25次,死亡25回未満でシーズン8ゲートウェイをクリアする,Complete the Season 8 Gateway with fewer than 25 deaths,Terminer la passerelle de la saison 8 avec moins de 25 morts,Completare il Portale della Stagione 8 con meno di 25 morti,Das Season 8 Tor mit weniger als 25 Toden abschließen,Completar el Portal de la Temporada 8 con menos de 25 muertes,إكمال بوابة الموسم الثامن بأقل من 25 حالة موت,사망 25회 미만으로 시즌 8 게이트웨이 클리어하기,Completar o Gateway da Temporada 8 com menos de 25 mortes,"Пройти шлюз сезона 8, умерев меньше 25 раз",通關第八賽季網關且死亡小于25次,"Ukończyć bramę sezonu 8, ginąc mniej niż 25 razy",
achv.desc.169,成就说明：JFES170 #91,通关第九赛季网关且死亡小于5次,死亡5回未満でシーズン9ゲートウェイをクリアする,Complete the Season 9 Gateway with fewer than 5 deaths,Terminer la passerelle de la saison 9 avec moins de 5 morts,Completare il Portale della Stagione 9 con meno di 5 morti,Das Season 9 Tor mit weniger als 5 Toden abschließen,Completar el Portal de la Temporada 9 con menos de 5 muertes,إكمال بوابة الموسم التاسع بأقل من 5 حالات موت,사망 5회 미만으로 시즌 9 게이트웨이 클리어하기,Completar o Gateway da Temporada 9 com menos de 5 mortes,"Пройти шлюз сезона 9, умерев меньше 5 раз",通關第九賽季網關且死亡小于5次,"Ukończyć bramę sezonu 9, ginąc mniej niż 5 razy",
achv.desc.170,成就说明：JFES170 #92,所有网关取得SSS评价,すべてのゲートウェイでSSS評価を取得する,Earn an SSS rank on every Gateway,Obtenir le rang SSS sur toutes les passerelles,Ottenere il rango SSS su tutti i Portali,Auf jedem Tor den SSS-Rang erhalten,Obtener el rango SSS en todos los Portales,الحصول على تقييم SSS في جميع البوابات,모든 게이트웨이에서 SSS 랭크 획득하기,Obter o rank SSS em todos os Gateways,Получить оценку SSS на всех шлюзах,所有網關取得SSS評價,Zdobyć ocenę SSS we wszystkich bramach,
achv.desc.171,成就说明：JFES170 #93,第一赛季网关取得SSS评价,シーズン1ゲートウェイでSSS評価を取得する,Earn an SSS rank on the Season 1 Gateway,Obtenir le rang SSS sur la passerelle de la saison 1,Ottenere il rango SSS sul Portale della Stagione 1,Den SSS-Rang im Season 1 Tor erhalten,Obtener el rango SSS en el Portal de la Temporada 1,الحصول على تقييم SSS في بوابة الموسم الأول,시즌 1 게이트웨이에서 SSS 랭크 획득하기,Obter o rank SSS no Gateway da Temporada 1,Получить оценку SSS на шлюзе сезона 1,第一賽季網關取得SSS評價,Zdobyć ocenę SSS w bramie sezonu 1,
achv.desc.172,成就说明：JFES170 #94,第二赛季网关取得SSS评价,シーズン2ゲートウェイでSSS評価を取得する,Earn an SSS rank on the Season 2 Gateway,Obtenir le rang SSS sur la passerelle de la saison 2,Ottenere il rango SSS sul Portale della Stagione 2,Den SSS-Rang im Season 2 Tor erhalten,Obtener el rango SSS en el Portal de la Temporada 2,الحصول على تقييم SSS في بوابة الموسم الثاني,시즌 2 게이트웨이에서 SSS 랭크 획득하기,Obter o rank SSS no Gateway da Temporada 2,Получить оценку SSS на шлюзе сезона 2,第二賽季網關取得SSS評價,Zdobyć ocenę SSS w bramie sezonu 2,
achv.desc.173,成就说明：JFES170 #95,第三赛季网关取得SSS评价,シーズン3ゲートウェイでSSS評価を取得する,Earn an SSS rank on the Season 3 Gateway,Obtenir le rang SSS sur la passerelle de la saison 3,Ottenere il rango SSS sul Portale della Stagione 3,Den SSS-Rang im Season 3 Tor erhalten,Obtener el rango SSS en el Portal de la Temporada 3,الحصول على تقييم SSS في بوابة الموسم الثالث,시즌 3 게이트웨이에서 SSS 랭크 획득하기,Obter o rank SSS no Gateway da Temporada 3,Получить оценку SSS на шлюзе сезона 3,第三賽季網關取得SSS評價,Zdobyć ocenę SSS w bramie sezonu 3,
achv.desc.174,成就说明：JFES170 #96,第四赛季网关取得SSS评价,シーズン4ゲートウェイでSSS評価を取得する,Earn an SSS rank on the Season 4 Gateway,Obtenir le rang SSS sur la passerelle de la saison 4,Ottenere il rango SSS sul Portale della Stagione 4,Den SSS-Rang im Season 4 Tor erhalten,Obtener el rango SSS en el Portal de la Temporada 4,الحصول على تقييم SSS في بوابة الموسم الرابع,시즌 4 게이트웨이에서 SSS 랭크 획득하기,Obter o rank SSS no Gateway da Temporada 4,Получить оценку SSS на шлюзе сезона 4,第四賽季網關取得SSS評價,Zdobyć ocenę SSS w bramie sezonu 4,
achv.desc.175,成就说明：JFES170 #97,第五赛季网关取得SSS评价,シーズン5ゲートウェイでSSS評価を取得する,Earn an SSS rank on the Season 5 Gateway,Obtenir le rang SSS sur la passerelle de la saison 5,Ottenere il rango SSS sul Portale della Stagione 5,Den SSS-Rang im Season 5 Tor erhalten,Obtener el rango SSS en el Portal de la Temporada 5,الحصول على تقييم SSS في بوابة الموسم الخامس,시즌 5 게이트웨이에서 SSS 랭크 획득하기,Obter o rank SSS no Gateway da Temporada 5,Получить оценку SSS на шлюзе сезона 5,第五賽季網關取得SSS評價,Zdobyć ocenę SSS w bramie sezonu 5,
achv.desc.176,成就说明：JFES170 #98,第六赛季网关取得SSS评价,シーズン6ゲートウェイでSSS評価を取得する,Earn an SSS rank on the Season 6 Gateway,Obtenir le rang SSS sur la passerelle de la saison 6,Ottenere il rango SSS sul Portale della Stagione 6,Den SSS-Rang im Season 6 Tor erhalten,Obtener el rango SSS en el Portal de la Temporada 6,الحصول على تقييم SSS في بوابة الموسم السادس,시즌 6 게이트웨이에서 SSS 랭크 획득하기,Obter o rank SSS no Gateway da Temporada 6,Получить оценку SSS на шлюзе сезона 6,第六賽季網關取得SSS評價,Zdobyć ocenę SSS w bramie sezonu 6,
achv.desc.177,成就说明：JFES170 #99,第七赛季网关取得SSS评价,シーズン7ゲートウェイでSSS評価を取得する,Earn an SSS rank on the Season 7 Gateway,Obtenir le rang SSS sur la passerelle de la saison 7,Ottenere il rango SSS sul Portale della Stagione 7,Den SSS-Rang im Season 7 Tor erhalten,Obtener el rango SSS en el Portal de la Temporada 7,الحصول على تقييم SSS في بوابة الموسم السابع,시즌 7 게이트웨이에서 SSS 랭크 획득하기,Obter o rank SSS no Gateway da Temporada 7,Получить оценку SSS на шлюзе сезона 7,第七賽季網關取得SSS評價,Zdobyć ocenę SSS w bramie sezonu 7,
achv.desc.178,成就说明：JFES170 #100,第八赛季网关取得SSS评价,シーズン8ゲートウェイでSSS評価を取得する,Earn an SSS rank on the Season 8 Gateway,Obtenir le rang SSS sur la passerelle de la saison 8,Ottenere il rango SSS sul Portale della Stagione 8,Den SSS-Rang im Season 8 Tor erhalten,Obtener el rango SSS en el Portal de la Temporada 8,الحصول على تقييم SSS في بوابة الموسم الثامن,시즌 8 게이트웨이에서 SSS 랭크 획득하기,Obter o rank SSS no Gateway da Temporada 8,Получить оценку SSS на шлюзе сезона 8,第八賽季網關取得SSS評價,Zdobyć ocenę SSS w bramie sezonu 8,
achv.desc.179,成就说明：JFES170 #101,第九赛季网关取得SSS评价,シーズン9ゲートウェイでSSS評価を取得する,Earn an SSS rank on the Season 9 Gateway,Obtenir le rang SSS sur la passerelle de la saison 9,Ottenere il rango SSS sul Portale della Stagione 9,Den SSS-Rang im Season 9 Tor erhalten,Obtener el rango SSS en el Portal de la Temporada 9,الحصول على تقييم SSS في بوابة الموسم التاسع,시즌 9 게이트웨이에서 SSS 랭크 획득하기,Obter o rank SSS no Gateway da Temporada 9,Получить оценку SSS на шлюзе сезона 9,第九賽季網關取得SSS評價,Zdobyć ocenę SSS w bramie sezonu 9,
achv.desc.180,成就说明：JFES175 #2,在厕所享用巧克力香蕉,トイレでチョコバナナを味わう,Enjoy a chocolate banana in the toilet,Savourer une banane au chocolat aux toilettes,Gustare una banana al cioccolato in bagno,Eine Schokoladenbanane auf der Toilette genießen,Disfrutar de un plátano con chocolate en el baño,الاستمتاع بموزة بالشوكولاتة في الحمام,화장실에서 초콜릿 바나나 즐기기,Saborear uma banana de chocolate no banheiro,Съесть шоколадный банан в туалете,在廁所享用巧克力香蕉,Skosztować banana w czekoladzie w toalecie,
achv.desc.181,成就说明：JFES175 #3,找到红色欲石,赤い欲石を見つける,Find the red desire stone,Trouver la pierre du désir rouge,Trovare la pietra del desiderio rossa,Den roten Wunschstein finden,Encontrar la piedra del deseo roja,العثور على حجر الرغبة الأحمر,빨간 욕망의 돌 찾기,Encontrar a pedra do desejo vermelha,Найти красный камень желания,找到紅色欲石,Znaleźć czerwony kamień pragnienia,
achv.desc.182,成就说明：JFES175 #4,找到黄色欲石,黄色い欲石を見つける,Find the yellow desire stone,Trouver la pierre du désir jaune,Trovare la pietra del desiderio gialla,Den gelben Wunschstein finden,Encontrar la piedra del deseo amarilla,العثور على حجر الرغبة الأصفر,노란 욕망의 돌 찾기,Encontrar a pedra do desejo amarela,Найти жёлтый камень желания,找到黃色欲石,Znaleźć żółty kamień pragnienia,
achv.desc.183,成就说明：JFES175 #5,找到蓝色欲石,青い欲石を見つける,Find the blue desire stone,Trouver la pierre du désir bleue,Trovare la pietra del desiderio blu,Den blauen Wunschstein finden,Encontrar la piedra del deseo azul,العثور على حجر الرغبة الأزرق,파란 욕망의 돌 찾기,Encontrar a pedra do desejo azul,Найти синий камень желания,找到藍色欲石,Znaleźć niebieski kamień pragnienia,
achv.desc.184,成就说明：JFES175 #6,找到绿色欲石,緑の欲石を見つける,Find the green desire stone,Trouver la pierre du désir verte,Trovare la pietra del desiderio verde,Den grünen Wunschstein finden,Encontrar la piedra del deseo verde,العثور على حجر الرغبة الأخضر,초록 욕망의 돌 찾기,Encontrar a pedra do desejo verde,Найти зелёный камень желания,找到綠色欲石,Znaleźć zielony kamień pragnienia,
achv.desc.185,成就说明：JFES175 #7,找到所有4个欲石并合成欲望结晶,4つの欲石をすべて見つけて欲望結晶に合成する,Find all four desire stones and combine them into the Desire Crystal,Trouver les quatre pierres du désir et les fusionner en Cristal du désir,Trovare tutte e quattro le pietre del desiderio e fonderle nel Cristallo del desiderio,Alle vier Wunschsteine finden und sie zum Wunschkristall verschmelzen,Encontrar las cuatro piedras del deseo y fusionarlas en el Cristal del Deseo,العثور على أحجار الرغبة الأربعة ودمجها في بلورة الرغبة,욕망의 돌 4개를 모두 찾아 욕망 결정으로 합성하기,Encontrar as quatro pedras do desejo e fundi-las no Cristal do Desejo,Найти все четыре камня желания и объединить их в Кристалл желания,找到所有4個欲石并合成欲望結晶,Znaleźć wszystkie cztery kamienie pragnienia i połączyć je w Kryształ Pragnienia,
achv.desc.186,成就说明：JFES175 #8,击破1个猪鼻,豚鼻を1つ破壊する,Destroy one pig nose,Détruire un groin,Distruggere un naso di maiale,Eine Schweinenase zerstören,Destruir una nariz de cerdo,تحطيم أنف خنزير واحد,돼지코 1개 파괴하기,Destruir um nariz de porco,Разбить один свиной нос,擊破1個豬鼻,Zniszczyć jeden świński nos,
achv.desc.187,成就说明：JFES175 #9,击破10个猪鼻,豚鼻を10個破壊する,Destroy 10 pig noses,Détruire 10 groins,Distruggere 10 nasi di maiale,10 Schweinenasen zerstören,Destruir 10 narices de cerdo,تحطيم 10 أنوف خنازير,돼지코 10개 파괴하기,Destruir 10 narizes de porco,Разбить 10 свиных носов,擊破10個豬鼻,Zniszczyć 10 świńskich nosów,
achv.desc.188,成就说明：JFES175 #10,击破所有22个猪鼻,豚鼻を22個すべて破壊する,Destroy all 22 pig noses,Détruire les 22 groins,Distruggere tutti i 22 nasi di maiale,Alle 22 Schweinenasen zerstören,Destruir las 22 narices de cerdo,تحطيم جميع أنوف الخنازير الـ22,돼지코 22개 모두 파괴하기,Destruir todos os 22 narizes de porco,Разбить все 22 свиных носа,擊破所有22個豬鼻,Zniszczyć wszystkie 22 świńskie nosy,
achv.desc.189,成就说明：JFES175 #11,到达动态展厅,動的展示ホールに到達する,Reach the Dynamic Exhibition Hall,Atteindre la salle d'exposition dynamique,Raggiungere la sala espositiva dinamica,Die Dynamische Ausstellungshalle erreichen,Llegar a la Sala de Exposiciones Dinámica,الوصول إلى قاعة العرض الديناميكية,동적 전시관 도착하기,Chegar à Sala de Exposições Dinâmica,Добраться до Динамического выставочного зала,到達動態展廳,Dotrzeć do Dynamicznej Sali Wystawowej,
achv.desc.190,成就说明：JFES175 #12,到达暹罗厘普展厅,サイアムリップ展示ホールに到達する,Reach the Siam Ripple Exhibition Hall,Atteindre la salle d'exposition Siam Ripple,Raggiungere la sala espositiva Siam Ripple,Die Siam-Ripple-Ausstellungshalle erreichen,Llegar a la Sala de Exposiciones Siam Ripple,الوصول إلى قاعة عرض Siam Ripple,시암 리플 전시관 도착하기,Chegar à Sala de Exposições Siam Ripple,Добраться до выставочного зала Siam Ripple,到達暹羅厘普展廳,Dotrzeć do Sali Wystawowej Siam Ripple,
achv.desc.191,成就说明：JFES175 #13,到达吉伊卡哇展厅,ちいかわ展示ホールに到達する,Reach the Chiikawa Exhibition Hall,Atteindre la salle d'exposition Chiikawa,Raggiungere la sala espositiva Chiikawa,Die Chiikawa-Ausstellungshalle erreichen,Llegar a la Sala de Exposiciones Chiikawa,الوصول إلى قاعة عرض Chiikawa,치이카와 전시관 도착하기,Chegar à Sala de Exposições Chiikawa,Добраться до выставочного зала Chiikawa,到達吉伊卡哇展廳,Dotrzeć do Sali Wystawowej Chiikawa,
achv.desc.192,成就说明：JFES175 #14,到达暹罗猫小豆泥展厅,シャム猫あずき展示ホールに到達する,Reach the Siamese Cat Azuki Exhibition Hall,Atteindre la salle d'exposition du chat siamois Azuki,Raggiungere la sala espositiva del gatto siamese Azuki,Die Siamesische-Katze-Azuki-Ausstellungshalle erreichen,Llegar a la Sala de Exposiciones del Gato Siamés Azuki,الوصول إلى قاعة عرض القط السيامي Azuki,샴고양이 아즈키 전시관 도착하기,Chegar à Sala de Exposições do Gato Siamês Azuki,Добраться до выставочного зала сиамского кота Адзуки,到達暹羅貓小豆泥展廳,Dotrzeć do Sali Wystawowej kota syjamskiego Azuki,
achv.desc.193,成就说明：JFES180 #2,从圣猪百花大教堂信仰之跃,聖豚百花大聖堂から信仰の跳躍をする,Leap of faith from Saint Pig Flower Cathedral,Faire un saut de la foi depuis la cathédrale Sainte-Truie-des-Fleurs,Fare un salto di fede dalla Cattedrale di Santa Maiale dei Fiori,Einen Glaubenssprung von der Kathedrale zum Heiligen Schwein der Blumen machen,Hacer un salto de fe desde la Catedral de Santa Cerdita de las Flores,القفز الإيماني من كاتدرائية القديس الخنزير ذو الزهور,성돼지 꽃 대성당에서 신앙의 도약 하기,Dar um salto de fé da Catedral de Santa Porca das Flores,Совершить прыжок веры с Собора Святой Свиньи в цветах,從圣豬百花大教堂信仰之躍,Wykonać skok wiary z Katedry Świętej Świnki Kwiatowej,
achv.desc.194,成就说明：JFES180 #3,从罗马斗猪场信仰之跃,ローマ闘豚場から信仰の跳躍をする,Leap of faith from the Roman Pig Arena,Faire un saut de la foi depuis l'arène des cochons romaine,Fare un salto di fede dall'Arena dei maiali romana,Einen Glaubenssprung von der Römischen Schweinearena machen,Hacer un salto de fe desde la Arena Romana de Cerdos,القفز الإيماني من حلبة الخنازير الرومانية,로마 돼지 투기장에서 신앙의 도약 하기,Dar um salto de fé da Arena Romana dos Porcos,Совершить прыжок веры с Римской свиной арены,從羅馬斗豬場信仰之躍,Wykonać skok wiary z Rzymskiej Areny Świń,
achv.desc.195,成就说明：JFES180 #4,从比猪斜塔信仰之跃,ピサの斜豚塔から信仰の跳躍をする,Leap of faith from the Leaning Tower of Pigsa,Faire un saut de la foi depuis la tour penchée de Pigsa,Fare un salto di fede dalla Torre pendente di Pigsa,Einen Glaubenssprung vom Schiefen Turm von Pigsa machen,Hacer un salto de fe desde la Torre Inclinada de Pigsa,القفز الإيماني من برج بيغسا المائل,피그사의 기울어진 탑에서 신앙의 도약 하기,Dar um salto de fé da Torre Inclinada de Pigsa,Совершить прыжок веры с Падающей башни Пизы-свиньи,從比豬斜塔信仰之躍,Wykonać skok wiary z Krzywej Wieży w Pigzie,
achv.desc.196,成就说明：JFES180 #5,从自由猪神像信仰之跃,自由の豚神像から信仰の跳躍をする,Leap of faith from the Statue of Pig Liberty,Faire un saut de la foi depuis la statue de la Liberté porcine,Fare un salto di fede dalla Statua della Libertà suina,Einen Glaubenssprung von der Freiheitsstatue des Schweins machen,Hacer un salto de fe desde la Estatua de la Libertad Porcina,القفز الإيماني من تمثال حرية الخنزير,자유의 돼지 신상에서 신앙의 도약 하기,Dar um salto de fé da Estátua da Liberdade Suína,Совершить прыжок веры со Статуи Свиной Свободы,從自由豬神像信仰之躍,Wykonać skok wiary z Posągu Świńskiej Wolności,
achv.desc.197,成就说明：JFES180 #6,从猪菲尔鼻塔信仰之跃,豚ッフェル鼻塔から信仰の跳躍をする,Leap of faith from Pigffel Nose Tower,Faire un saut de la foi depuis la tour du nez de Pigffel,Fare un salto di fede dalla Torre del naso di Pigffel,Einen Glaubenssprung vom Pigffel-Nasenturm machen,Hacer un salto de fe desde la Torre de la Nariz de Pigffel,القفز الإيماني من برج أنف بيغفل,피그펠 코 탑에서 신앙의 도약 하기,Dar um salto de fé da Torre do Nariz de Pigffel,Совершить прыжок веры с Башни носа Пигффеля,從豬菲爾鼻塔信仰之躍,Wykonać skok wiary z Wieży Nosa Pigffela,
achv.desc.198,成就说明：JFES180 #7,从大猪钟信仰之跃,大豚時計から信仰の跳躍をする,Leap of faith from Big Pig Clock,Faire un saut de la foi depuis la grande horloge du cochon,Fare un salto di fede dal Grande orologio del maiale,Einen Glaubenssprung von der Großen Schweineuhr machen,Hacer un salto de fe desde el Gran Reloj del Cerdo,القفز الإيماني من ساعة الخنزير الكبرى,대돼지 시계에서 신앙의 도약 하기,Dar um salto de fé do Grande Relógio do Porco,Совершить прыжок веры с Больших свиных часов,從大豬鐘信仰之躍,Wykonać skok wiary z Wielkiego Świńskiego Zegara,
achv.desc.199,成就说明：JFES180 #8,从猪字塔滑下,豚文字ピラミッドから滑り降りる,Slide down from the Pig Glyph Pyramid,Glisser depuis la pyramide aux hiéroglyphes de cochon,Scivolare giù dalla Piramide dei geroglifici di maiale,Von der Schweinehieroglyphen-Pyramide hinunterrutschen,Deslizarte desde la Pirámide de Jeroglíficos de Cerdo,الانزلاق من هرم رموز الخنزير,돼지 문자 피라미드에서 미끄러져 내려가기,Deslizar da Pirâmide de Hieróglifos de Porco,Скатиться с Пирамиды свиных иероглифов,從豬字塔滑下,Zjechać z Piramidy Świńskich Hieroglifów,
achv.desc.200,成就说明：JFES180 #9,从帕特农猪庙信仰之跃,パルテノン豚神殿から信仰の跳躍をする,Leap of faith from the Parthenon Pig Temple,Faire un saut de la foi depuis le temple du cochon du Parthénon,Fare un salto di fede dal Tempio del maiale del Partenone,Einen Glaubenssprung vom Parthenon-Schweinetempel machen,Hacer un salto de fe desde el Templo del Cerdo del Partenón,القفز الإيماني من معبد خنزير البارثينون,파르테논 돼지 사원에서 신앙의 도약 하기,Dar um salto de fé do Templo do Porco do Partenon,Совершить прыжок веры со Свиного храма Парфенона,從帕特農豬廟信仰之躍,Wykonać skok wiary ze Świńskiej Świątyni Partenonu,
achv.desc.201,成就说明：JFES180 #10,成功将火炬传到奥林皮革并点燃圣火,聖火をオリンピッグ・レザーまで運び、聖火を灯す,Carry the torch to Olympig Leather and light the sacred flame,Porter la flamme sacrée jusqu'au Cuir Olympig et l'allumer,Portare la fiaccola fino a Pelle Olympig e accendere il fuoco sacro,Die Fackel bis zum Olympig-Leder tragen und die heilige Flamme entzünden,Llevar la antorcha hasta el Cuero Olympig y encender la llama sagrada,حمل الشعلة إلى جلد Olympig وإشعال الشعلة المقدسة,횃불을 올림피그 가죽까지 옮기고 성화를 밝히기,Levar a tocha até o Couro Olympig e acender a chama sagrada,Донести факел до Кожи Olympig и зажечь священное пламя,成功將火炬傳到奧林皮革并點燃圣火,Zanieść pochodnię do Skóry Olympig i zapalić święty ogień,
achv.desc.202,成就说明：JFES190 #2,使用取景框拍摄亡灵生物的映像,ファインダーでアンデッド生物の映像を撮影する,Photograph an undead creature with the viewfinder,Photographier une créature morte-vivante avec le viseur,Fotografare una creatura non morta con il mirino,Mit dem Sucher eine untote Kreatur fotografieren,Fotografiar una criatura no muerta con el visor,تصوير مخلوق غير ميت بالكاميرا,뷰파인더로 언데드 생물 촬영하기,Fotografar uma criatura morta-viva com o visor,Сфотографировать нежить через видоискатель,使用取景框拍攝亡靈生物的映像,Sfotografować nieumarłe stworzenie przez wizjer,
achv.desc.203,成就说明：JFES190 #3,使用取景框拍摄飞行生物的映像,ファインダーで飛行生物の映像を撮影する,Photograph a flying creature with the viewfinder,Photographier une créature volante avec le viseur,Fotografare una creatura volante con il mirino,Mit dem Sucher eine fliegende Kreatur fotografieren,Fotografiar una criatura voladora con el visor,تصوير مخلوق طائر بالكاميرا,뷰파인더로 비행 생물 촬영하기,Fotografar uma criatura voadora com o visor,Сфотографировать летающее существо через видоискатель,使用取景框拍攝飛行生物的映像,Sfotografować latające stworzenie przez wizjer,
achv.desc.204,成就说明：JFES190 #4,使用取景框拍摄节肢生物的映像,ファインダーで節足生物の映像を撮影する,Photograph an arthropod with the viewfinder,Photographier un arthropode avec le viseur,Fotografare un artropode con il mirino,Mit dem Sucher einen Arthropoden fotografieren,Fotografiar un artrópodo con el visor,تصوير مفصلي بالكاميرا,뷰파인더로 절지동물 촬영하기,Fotografar um artrópode com o visor,Сфотографировать членистоногое через видоискатель,使用取景框拍攝節肢生物的映像,Sfotografować stawonoga przez wizjer,
achv.desc.205,成就说明：JFES190 #5,使用取景框拍摄招笑生物的映像,ファインダーで笑わせる生物の映像を撮影する,Photograph a comedic creature with the viewfinder,Photographier une créature comique avec le viseur,Fotografare una creatura comica con il mirino,Mit dem Sucher eine komische Kreatur fotografieren,Fotografiar una criatura cómica con el visor,تصوير مخلوق مضحك بالكاميرا,뷰파인더로 웃기는 생물 촬영하기,Fotografar uma criatura engraçada com o visor,Сфотографировать забавное существо через видоискатель,使用取景框拍攝招笑生物的映像,Sfotografować zabawne stworzenie przez wizjer,
achv.desc.206,成就说明：JFES190 #6,使用取景框拍摄所有映像,ファインダーですべての映像を撮影する,Photograph all images with the viewfinder,Photographier toutes les images avec le viseur,Fotografare tutte le immagini con il mirino,Mit dem Sucher alle Bilder fotografieren,Fotografiar todas las imágenes con el visor,تصوير جميع الصور بالكاميرا,뷰파인더로 모든 이미지 촬영하기,Fotografar todas as imagens com o visor,Сфотографировать все изображения через видоискатель,使用取景框拍攝所有映像,Sfotografować wszystkie obrazy przez wizjer,
achv.desc.207,成就说明：JFES190 #7,通关第一章节,第1章をクリアする,Complete Chapter 1,Terminer le chapitre 1,Completare il Capitolo 1,Kapitel 1 abschließen,Completar el Capítulo 1,إكمال الفصل الأول,제1장 클리어하기,Completar o Capítulo 1,Пройти первую главу,通關第一章節,Ukończyć rozdział 1,
achv.desc.208,成就说明：JFES190 #8,通关第一章节时至少获得10分,第1章をクリアして少なくとも10点を獲得する,Complete Chapter 1 with at least 10 points,Terminer le chapitre 1 avec au moins 10 points,Completare il Capitolo 1 con almeno 10 punti,Kapitel 1 mit mindestens 10 Punkten abschließen,Completar el Capítulo 1 con al menos 10 puntos,إكمال الفصل الأول بـ10 نقاط على الأقل,제1장을 클리어하고 최소 10점 획득하기,Completar o Capítulo 1 com pelo menos 10 pontos,"Пройти первую главу, набрав не менее 10 очков",通關第一章節時至少獲得10分,"Ukończyć rozdział 1, zdobywając co najmniej 10 punktów",
achv.desc.209,成就说明：JFES190 #9,在坟前偷吃贡品,墓前で供物をこっそり食べる,Sneak a bite of the offerings in front of a grave,Voler une bouchée d'offrandes devant une tombe,Rubare un boccone delle offerte davanti a una tomba,Vor einem Grab heimlich von den Opfergaben naschen,Robar un bocado de las ofrendas frente a una tumba,سرقة لقمة من القرابين أمام قبر,무덤 앞에서 제물을 몰래 먹기,Roubar uma mordida das oferendas diante de um túmulo,Стащить кусочек подношения у могилы,在墳前偷吃貢品,Ukraść kęs ofiary przed grobem,
achv.desc.210,成就说明：JFES190 #10,在墓地上蹦迪,墓地で踊る,Dance in the cemetery,Danser dans le cimetière,Ballare nel cimitero,Auf dem Friedhof tanzen,Bailar en el cementerio,الرقص في المقبرة,묘지에서 춤추기,Dançar no cemitério,Танцевать на кладбище,在墓地上蹦迪,Tańczyć na cmentarzu,
achv.desc.211,成就说明：JFES190 #11,与黑色不明生物合影,黒い不明生物と写真を撮る,Take a photo with a black unidentified creature,Prendre une photo avec une créature inconnue noire,Farsi una foto con una creatura sconosciuta nera,Ein Foto mit einer schwarzen unbekannten Kreatur machen,Hacerte una foto con una criatura desconocida negra,التقاط صورة مع مخلوق مجهول أسود,검은색 미확인 생물과 사진 찍기,Tirar uma foto com uma criatura desconhecida preta,Сфотографироваться с чёрным неизвестным существом,與黑色不明生物合影,Zrobić zdjęcie z czarnym nieznanym stworzeniem,
achv.desc.212,成就说明：JFES190 #12,与黄色不明生物合影,黄色い不明生物と写真を撮る,Take a photo with a yellow unidentified creature,Prendre une photo avec une créature inconnue jaune,Farsi una foto con una creatura sconosciuta gialla,Ein Foto mit einer gelben unbekannten Kreatur machen,Hacerte una foto con una criatura desconocida amarilla,التقاط صورة مع مخلوق مجهول أصفر,노란색 미확인 생물과 사진 찍기,Tirar uma foto com uma criatura desconhecida amarela,Сфотографироваться с жёлтым неизвестным существом,與黃色不明生物合影,Zrobić zdjęcie z żółtym nieznanym stworzeniem,
achv.desc.213,成就说明：JFES190 #13,与白色不明物品合影,白い不明物体と写真を撮る,Take a photo with a white unidentified object,Prendre une photo avec un objet inconnu blanc,Farsi una foto con un oggetto sconosciuto bianco,Ein Foto mit einem weißen unbekannten Objekt machen,Hacerte una foto con un objeto desconocido blanco,التقاط صورة مع جسم مجهول أبيض,흰색 미확인 물체와 사진 찍기,Tirar uma foto com um objeto desconhecido branco,Сфотографироваться с белым неизвестным объектом,與白色不明物品合影,Zrobić zdjęcie z białym nieznanym obiektem,
achv.desc.214,成就说明：JFES190 #14,与灰色不明物品合影,灰色の不明物体と写真を撮る,Take a photo with a gray unidentified object,Prendre une photo avec un objet inconnu gris,Farsi una foto con un oggetto sconosciuto grigio,Ein Foto mit einem grauen unbekannten Objekt machen,Hacerte una foto con un objeto desconocido gris,التقاط صورة مع جسم مجهول رمادي,회색 미확인 물체와 사진 찍기,Tirar uma foto com um objeto desconhecido cinza,Сфотографироваться с серым неизвестным объектом,與灰色不明物品合影,Zrobić zdjęcie z szarym nieznanym obiektem,
achv.desc.215,成就说明：JFES190 #15,享用热门套餐,人気セットを味わう,Enjoy the popular set meal,Savourer le menu populaire,Gustare il menù più popolare,Das beliebte Menü genießen,Disfrutar del menú popular,الاستمتاع بالوجبة الشائعة,인기 세트 메뉴 즐기기,Saborear o menu popular,Попробовать популярный набор,享用熱門套餐,Skosztować popularnego zestawu,
achv.desc.216,成就说明：JFES190 #16,向炼药锅放入不明生物的蛋直到不明液体变绿,不明な液体が緑になるまで、錬金鍋に不明生物の卵を入れる,Put an unknown creature's eggs into the cauldron until the unknown liquid turns green,Mettre les œufs d'une créature inconnue dans le chaudron jusqu'à ce que le liquide inconnu devienne vert,Mettere le uova di una creatura sconosciuta nel calderone finché il liquido sconosciuto non diventa verde,"Die Eier einer unbekannten Kreatur in den Kessel legen, bis die unbekannte Flüssigkeit grün wird",Poner los huevos de una criatura desconocida en el caldero hasta que el líquido desconocido se vuelva verde,وضع بيض مخلوق مجهول في القدر حتى يتحول السائل المجهول إلى اللون الأخضر,미확인 액체가 초록색이 될 때까지 연금술 냄비에 미확인 생물의 알 넣기,Colocar os ovos de uma criatura desconhecida no caldeirão até o líquido desconhecido ficar verde,"Класть яйца неизвестного существа в котёл, пока неизвестная жидкость не станет зелёной",向煉藥鍋放入不明生物的蛋直到不明液體變綠,"Wkładać jaja nieznanego stworzenia do kotła, aż nieznana ciecz zmieni kolor na zielony",
achv.desc.217,成就说明：JFES190 #17,从鸟瞰点跳至锅中,鳥瞰点から鍋に飛び込む,Leap from the viewpoint into the cauldron,Sauter du point de vue dans le chaudron,Saltare dal punto di osservazione nel calderone,Vom Aussichtspunkt in den Kessel springen,Saltar desde el punto de observación al caldero,القفز من نقطة المراقبة إلى القدر,전망대에서 냄비 속으로 뛰어들기,Saltar do ponto de observação para o caldeirão,Прыгнуть с точки обзора в котёл,從鳥瞰點跳至鍋中,Skoczyć z punktu widokowego do kotła,
achv.desc.218,成就说明：JFES190 #18,通关第二章节,第2章をクリアする,Complete Chapter 2,Terminer le chapitre 2,Completare il Capitolo 2,Kapitel 2 abschließen,Completar el Capítulo 2,إكمال الفصل الثاني,제2장 클리어하기,Completar o Capítulo 2,Пройти вторую главу,通關第二章節,Ukończyć rozdział 2,
achv.desc.219,成就说明：JFES190 #19,到达路的尽头,道の果てに到達する,Reach the end of the road,Atteindre le bout de la route,Raggiungere la fine della strada,Das Ende der Straße erreichen,Llegar al final del camino,الوصول إلى نهاية الطريق,길 끝에 도착하기,Chegar ao fim da estrada,Добраться до конца дороги,到達路的盡頭,Dotrzeć do końca drogi,
achv.desc.220,成就说明：JFES190 #20,进入城堡,城に入る,Enter the castle,Entrer dans le château,Entrare nel castello,Das Schloss betreten,Entrar en el castillo,دخول القلعة,성에 들어가기,Entrar no castelo,Войти в замок,進入城堡,Wejść do zamku,
achv.desc.221,成就说明：JFES190 #21,登上王位,王位に就く,Take the throne,Monter sur le trône,Salire sul trono,Den Thron besteigen,Subir al trono,اعتلاء العرش,왕좌에 오르기,Subir ao trono,Взойти на трон,登上王位,Wstąpić na tron,
achv.desc.222,成就说明：JFES190 #22,骑上飞天扫帚,空飛ぶほうきに乗る,Ride the flying broom,Chevaucher le balai volant,Cavalcare la scopa volante,Auf dem fliegenden Besen reiten,Montar en la escoba voladora,ركوب المكنسة الطائرة,하늘을 나는 빗자루 타기,Montar na vassoura voadora,Оседлать летающую метлу,騎上飛天掃帚,Wsiąść na latającą miotłę,
achv.desc.223,成就说明：JFES190 #23,通关第三章节,第3章をクリアする,Complete Chapter 3,Terminer le chapitre 3,Completare il Capitolo 3,Kapitel 3 abschließen,Completar el Capítulo 3,إكمال الفصل الثالث,제3장 클리어하기,Completar o Capítulo 3,Пройти третью главу,通關第三章節,Ukończyć rozdział 3,
achv.group.01,奖杯组名：JFES150,七七海滩度假计划,チーチー・ビーチ・バケーション・プラン,77 Beach Vacation Plan,77 Beach Vacation Plan,77 Beach Vacation Plan,77 Beach Vacation Plan,77 Beach Vacation Plan,77 Beach Vacation Plan,77 Beach Vacation Plan,77 Beach Vacation Plan,77 Beach Vacation Plan,七七海灘度假計劃,77 Beach Vacation Plan,专名保留
achv.group.02,奖杯组名：JFES150,七七海滩度假计划 - 奖杯组2,チーチー・ビーチ・バケーション・プラン - トロフィーグループ 2,77 Beach Vacation Plan - Trophy Group 2,77 Beach Vacation Plan - Groupe de trophées 2,77 Beach Vacation Plan - Gruppo trofei 2,77 Beach Vacation Plan - Trophäengruppe 2,77 Beach Vacation Plan - Grupo de trofeos 2,77 Beach Vacation Plan - مجموعة الكؤوس 2,77 Beach Vacation Plan - 트로피 그룹 2,77 Beach Vacation Plan - Grupo de troféus 2,77 Beach Vacation Plan - Группа трофеев 2,七七海灘度假計劃 - 獎杯組2,77 Beach Vacation Plan - Grupa trofeów 2,专名保留
achv.group.03,奖杯组名：JFES150,七七海滩度假计划 - 纪念彩蛋,チーチー・ビーチ・バケーション・プラン - 記念エッグ,77 Beach Vacation Plan - Memorial Egg,77 Beach Vacation Plan - Œuf commémoratif,77 Beach Vacation Plan - Uovo commemorativo,77 Beach Vacation Plan - Gedenk-Ei,77 Beach Vacation Plan - Huevo conmemorativo,77 Beach Vacation Plan - بيضة تذكارية,77 Beach Vacation Plan - 기념 에그,77 Beach Vacation Plan - Ovo comemorativo,77 Beach Vacation Plan - Памятное яйцо,七七海灘度假計劃 - 紀念彩蛋,77 Beach Vacation Plan - Jajko pamiątkowe,专名保留
achv.group.04,奖杯组名：JFES160,煎炸先生的假期,ドント・ピッグ・クリエイティブ・イン・ザ・ジュライ,Don't Pig-Creative in the July,Don't Pig-Creative in the July,Don't Pig-Creative in the July,Don't Pig-Creative in the July,Don't Pig-Creative in the July,Don't Pig-Creative in the July,Don't Pig-Creative in the July,Don't Pig-Creative in the July,Don't Pig-Creative in the July,煎炸先生的假期,Don't Pig-Creative in the July,专名保留
achv.group.05,奖杯组名：JFES160,煎炸先生的假期 - 众图创意篇,ドント・ピッグ・クリエイティブ・イン・ザ・ジュライ - コミュニティ作品,Don't Pig-Creative in the July - Community Creations,Don't Pig-Creative in the July - Créations de la communauté,Don't Pig-Creative in the July - Creazioni della community,Don't Pig-Creative in the July - Community-Kreationen,Don't Pig-Creative in the July - Creaciones de la comunidad,Don't Pig-Creative in the July - إبداعات المجتمع,Don't Pig-Creative in the July - 커뮤니티 창작,Don't Pig-Creative in the July - Criações da comunidade,Don't Pig-Creative in the July - Работы сообщества,煎炸先生的假期 - 眾圖創意篇,Don't Pig-Creative in the July - Prace społeczności,专名保留
achv.group.06,奖杯组名：JFES170,糖豆节,フォールガイズフェス,Fall Guys FES,Fall Guys FES,Fall Guys FES,Fall Guys FES,Fall Guys FES,Fall Guys FES,폴 가이즈 FES,Fall Guys FES,Fall Guys FES,糖豆節,Fall Guys FES,专名保留
achv.group.07,奖杯组名：JFES170,糖豆节 - 第一赛季网关,フォールガイズフェス - シーズン1 ゲートウェイ,Fall Guys FES - Season 1 Gateway,Fall Guys FES - Saison 1 Passerelle,Fall Guys FES - Stagione 1 Portale,Fall Guys FES - Saison 1 Tor,Fall Guys FES - Temporada 1 Portal,Fall Guys FES - الموسم 1 بوابة,폴 가이즈 FES - 시즌 1 게이트웨이,Fall Guys FES - Temporada 1 Portal,Fall Guys FES - Сезон 1 Шлюз,糖豆節 - 第一賽季網關,Fall Guys FES - Sezon 1 Brama,专名保留
achv.group.08,奖杯组名：JFES170,糖豆节 - 第二赛季网关,フォールガイズフェス - シーズン2 ゲートウェイ,Fall Guys FES - Season 2 Gateway,Fall Guys FES - Saison 2 Passerelle,Fall Guys FES - Stagione 2 Portale,Fall Guys FES - Saison 2 Tor,Fall Guys FES - Temporada 2 Portal,Fall Guys FES - الموسم 2 بوابة,폴 가이즈 FES - 시즌 2 게이트웨이,Fall Guys FES - Temporada 2 Portal,Fall Guys FES - Сезон 2 Шлюз,糖豆節 - 第二賽季網關,Fall Guys FES - Sezon 2 Brama,专名保留
achv.group.09,奖杯组名：JFES170,糖豆节 - 第三赛季网关,フォールガイズフェス - シーズン3 ゲートウェイ,Fall Guys FES - Season 3 Gateway,Fall Guys FES - Saison 3 Passerelle,Fall Guys FES - Stagione 3 Portale,Fall Guys FES - Saison 3 Tor,Fall Guys FES - Temporada 3 Portal,Fall Guys FES - الموسم 3 بوابة,폴 가이즈 FES - 시즌 3 게이트웨이,Fall Guys FES - Temporada 3 Portal,Fall Guys FES - Сезон 3 Шлюз,糖豆節 - 第三賽季網關,Fall Guys FES - Sezon 3 Brama,专名保留
achv.group.10,奖杯组名：JFES170,糖豆节 - 第四赛季网关,フォールガイズフェス - シーズン4 ゲートウェイ,Fall Guys FES - Season 4 Gateway,Fall Guys FES - Saison 4 Passerelle,Fall Guys FES - Stagione 4 Portale,Fall Guys FES - Saison 4 Tor,Fall Guys FES - Temporada 4 Portal,Fall Guys FES - الموسم 4 بوابة,폴 가이즈 FES - 시즌 4 게이트웨이,Fall Guys FES - Temporada 4 Portal,Fall Guys FES - Сезон 4 Шлюз,糖豆節 - 第四賽季網關,Fall Guys FES - Sezon 4 Brama,专名保留
achv.group.11,奖杯组名：JFES170,糖豆节 - 第五赛季网关,フォールガイズフェス - シーズン5 ゲートウェイ,Fall Guys FES - Season 5 Gateway,Fall Guys FES - Saison 5 Passerelle,Fall Guys FES - Stagione 5 Portale,Fall Guys FES - Saison 5 Tor,Fall Guys FES - Temporada 5 Portal,Fall Guys FES - الموسم 5 بوابة,폴 가이즈 FES - 시즌 5 게이트웨이,Fall Guys FES - Temporada 5 Portal,Fall Guys FES - Сезон 5 Шлюз,糖豆節 - 第五賽季網關,Fall Guys FES - Sezon 5 Brama,专名保留
achv.group.12,奖杯组名：JFES170,糖豆节 - 第六赛季网关,フォールガイズフェス - シーズン6 ゲートウェイ,Fall Guys FES - Season 6 Gateway,Fall Guys FES - Saison 6 Passerelle,Fall Guys FES - Stagione 6 Portale,Fall Guys FES - Saison 6 Tor,Fall Guys FES - Temporada 6 Portal,Fall Guys FES - الموسم 6 بوابة,폴 가이즈 FES - 시즌 6 게이트웨이,Fall Guys FES - Temporada 6 Portal,Fall Guys FES - Сезон 6 Шлюз,糖豆節 - 第六賽季網關,Fall Guys FES - Sezon 6 Brama,专名保留
achv.group.13,奖杯组名：JFES170,糖豆节 - 第七赛季网关,フォールガイズフェス - シーズン7 ゲートウェイ,Fall Guys FES - Season 7 Gateway,Fall Guys FES - Saison 7 Passerelle,Fall Guys FES - Stagione 7 Portale,Fall Guys FES - Saison 7 Tor,Fall Guys FES - Temporada 7 Portal,Fall Guys FES - الموسم 7 بوابة,폴 가이즈 FES - 시즌 7 게이트웨이,Fall Guys FES - Temporada 7 Portal,Fall Guys FES - Сезон 7 Шлюз,糖豆節 - 第七賽季網關,Fall Guys FES - Sezon 7 Brama,专名保留
achv.group.14,奖杯组名：JFES170,糖豆节 - 第八赛季网关,フォールガイズフェス - シーズン8 ゲートウェイ,Fall Guys FES - Season 8 Gateway,Fall Guys FES - Saison 8 Passerelle,Fall Guys FES - Stagione 8 Portale,Fall Guys FES - Saison 8 Tor,Fall Guys FES - Temporada 8 Portal,Fall Guys FES - الموسم 8 بوابة,폴 가이즈 FES - 시즌 8 게이트웨이,Fall Guys FES - Temporada 8 Portal,Fall Guys FES - Сезон 8 Шлюз,糖豆節 - 第八賽季網關,Fall Guys FES - Sezon 8 Brama,专名保留
achv.group.15,奖杯组名：JFES170,糖豆节 - 第九赛季网关,フォールガイズフェス - シーズン9 ゲートウェイ,Fall Guys FES - Season 9 Gateway,Fall Guys FES - Saison 9 Passerelle,Fall Guys FES - Stagione 9 Portale,Fall Guys FES - Saison 9 Tor,Fall Guys FES - Temporada 9 Portal,Fall Guys FES - الموسم 9 بوابة,폴 가이즈 FES - 시즌 9 게이트웨이,Fall Guys FES - Temporada 9 Portal,Fall Guys FES - Сезон 9 Шлюз,糖豆節 - 第九賽季網關,Fall Guys FES - Sezon 9 Brama,专名保留
achv.group.16,奖杯组名：JFES170,糖豆节 - 逆向S,フォールガイズフェス - リバース S,Fall Guys FES - Reverse S,Fall Guys FES - Inversé S,Fall Guys FES - Inverso S,Fall Guys FES - Umgekehrt S,Fall Guys FES - Inverso S,Fall Guys FES - معكوس S,폴 가이즈 FES - 리버스 S,Fall Guys FES - Invertido S,Fall Guys FES - Обратный S,糖豆節 - 逆向S,Fall Guys FES - Odwrócony S,专名保留
achv.group.17,奖杯组名：JFES170,糖豆节 - 极速S,フォールガイズフェス - スピード S,Fall Guys FES - Speed S,Fall Guys FES - Vitesse S,Fall Guys FES - Velocità S,Fall Guys FES - Tempo S,Fall Guys FES - Velocidad S,Fall Guys FES - سرعة S,폴 가이즈 FES - 스피드 S,Fall Guys FES - Velocidade S,Fall Guys FES - Скорость S,糖豆節 - 極速S,Fall Guys FES - Szybkość S,专名保留
achv.group.18,奖杯组名：JFES170,糖豆节 - 绝命S,フォールガイズフェス - 危機 S,Fall Guys FES - Crisis S,Fall Guys FES - Crise S,Fall Guys FES - Crisi S,Fall Guys FES - Krise S,Fall Guys FES - Crisis S,Fall Guys FES - أزمة S,폴 가이즈 FES - 위기 S,Fall Guys FES - Crise S,Fall Guys FES - Кризис S,糖豆節 - 絕命S,Fall Guys FES - Kryzys S,专名保留
achv.group.19,奖杯组名：JFES170,糖豆节 - 专家SSS,フォールガイズフェス - エキスパート SSS,Fall Guys FES - Expert SSS,Fall Guys FES - Expert SSS,Fall Guys FES - Esperto SSS,Fall Guys FES - Experte SSS,Fall Guys FES - Experto SSS,Fall Guys FES - خبير SSS,폴 가이즈 FES - 전문가 SSS,Fall Guys FES - Especialista SSS,Fall Guys FES - Эксперт SSS,糖豆節 - 專家SSS,Fall Guys FES - Ekspert SSS,专名保留
shop.content.001,版本/DLC 包含内容：JFES110 标准版；JFES110 终极版,2026糖豆人拜年纪 Rehonor,2026 フォールガイズ 春節記念・リオナー,2026 Fall Guys Chinese New Year Anniversary Rehonor,2026 Fall Guys Chinese New Year Anniversary Rehonor,2026 Fall Guys Chinese New Year Anniversary Rehonor,2026 Fall Guys Chinese New Year Anniversary Rehonor,2026 Fall Guys Chinese New Year Anniversary Rehonor,2026 Fall Guys Chinese New Year Anniversary Rehonor,2026 폴 가이즈 Chinese New Year Anniversary Rehonor,2026 Fall Guys Chinese New Year Anniversary Rehonor,2026 Fall Guys Chinese New Year Anniversary Rehonor,2026糖豆人拜年紀 Rehonor,2026 Fall Guys Chinese New Year Anniversary Rehonor,专名保留
shop.content.002,版本/DLC 包含内容：JFES110 传承版；JFES110 终极版,2026糖豆人拜年纪,2026 フォールガイズ 春節記念,2026 Fall Guys Chinese New Year Anniversary,2026 Fall Guys Chinese New Year Anniversary,2026 Fall Guys Chinese New Year Anniversary,2026 Fall Guys Chinese New Year Anniversary,2026 Fall Guys Chinese New Year Anniversary,2026 Fall Guys Chinese New Year Anniversary,2026 폴 가이즈 Chinese New Year Anniversary,2026 Fall Guys Chinese New Year Anniversary,2026 Fall Guys Chinese New Year Anniversary,2026糖豆人拜年紀,2026 Fall Guys Chinese New Year Anniversary,专名保留
shop.content.003,版本/DLC 包含内容：JFES115 标准版；JFES115 终极版,煎炸镇步行街 行动重置,煎炸鎮ウォークウェイ・リトレッド,JianZha Town Walkway Retread,JianZha Town Walkway Retread,JianZha Town Walkway Retread,JianZha Town Walkway Retread,JianZha Town Walkway Retread,JianZha Town Walkway Retread,JianZha Town Walkway Retread,JianZha Town Walkway Retread,JianZha Town Walkway Retread,煎炸鎮步行街 行動重置,JianZha Town Walkway Retread,专名保留
shop.content.004,版本/DLC 包含内容：JFES115 传承版；JFES115 终极版,煎炸镇步行街元宵特别版,煎炸鎮ウォークウェイ・元宵節スペシャル,JianZha Town Walkway Lantern Festival Special Edition,JianZha Town Walkway Lantern Festival Special Edition,JianZha Town Walkway Lantern Festival Special Edition,JianZha Town Walkway Lantern Festival Special Edition,JianZha Town Walkway Lantern Festival Special Edition,JianZha Town Walkway Lantern Festival Special Edition,JianZha Town Walkway Lantern Festival Special Edition,JianZha Town Walkway Lantern Festival Special Edition,JianZha Town Walkway Lantern Festival Special Edition,煎炸鎮步行街元宵特別版,JianZha Town Walkway Lantern Festival Special Edition,专名保留
shop.content.005,版本/DLC 包含内容：JFES120 标准版；JFES120 终极版,布鲁克森庄园事件重解版-第一步,ブルックソン・マナー事件リゾルブ - ステップ1,Brookson Manor Incident Resolve - Step 1,Brookson Manor Incident Resolve - Étape 1,Brookson Manor Incident Resolve - Passo 1,Brookson Manor Incident Resolve - Schritt 1,Brookson Manor Incident Resolve - Paso 1,Brookson Manor Incident Resolve - الخطوة 1,Brookson Manor Incident Resolve - 1단계,Brookson Manor Incident Resolve - Etapa 1,Brookson Manor Incident Resolve - Шаг 1,布魯克森莊園事件重解版-第一步,Brookson Manor Incident Resolve - Krok 1,专名保留
shop.content.006,版本/DLC 包含内容：JFES120 标准版；JFES120 终极版,布鲁克森庄园事件重解版-第二步,ブルックソン・マナー事件リゾルブ - ステップ2,Brookson Manor Incident Resolve - Step 2,Brookson Manor Incident Resolve - Étape 2,Brookson Manor Incident Resolve - Passo 2,Brookson Manor Incident Resolve - Schritt 2,Brookson Manor Incident Resolve - Paso 2,Brookson Manor Incident Resolve - الخطوة 2,Brookson Manor Incident Resolve - 2단계,Brookson Manor Incident Resolve - Etapa 2,Brookson Manor Incident Resolve - Шаг 2,布魯克森莊園事件重解版-第二步,Brookson Manor Incident Resolve - Krok 2,专名保留
shop.content.007,版本/DLC 包含内容：JFES120 标准版；JFES120 终极版,布鲁克森庄园事件重解版-第三步,ブルックソン・マナー事件リゾルブ - ステップ3,Brookson Manor Incident Resolve - Step 3,Brookson Manor Incident Resolve - Étape 3,Brookson Manor Incident Resolve - Passo 3,Brookson Manor Incident Resolve - Schritt 3,Brookson Manor Incident Resolve - Paso 3,Brookson Manor Incident Resolve - الخطوة 3,Brookson Manor Incident Resolve - 3단계,Brookson Manor Incident Resolve - Etapa 3,Brookson Manor Incident Resolve - Шаг 3,布魯克森莊園事件重解版-第三步,Brookson Manor Incident Resolve - Krok 3,专名保留
shop.content.008,版本/DLC 包含内容：JFES120 传承版；JFES120 终极版,布鲁克森庄园事件-上集,ブルックソン・マナー事件 - 1部,Brookson Manor Incident - Part 1,Brookson Manor Incident - Partie 1,Brookson Manor Incident - Parte 1,Brookson Manor Incident - Teil 1,Brookson Manor Incident - Parte 1,Brookson Manor Incident - الجزء 1,Brookson Manor Incident - 1부,Brookson Manor Incident - Parte 1,Brookson Manor Incident - Часть 1,布魯克森莊園事件-上集,Brookson Manor Incident - Część 1,专名保留
shop.content.009,版本/DLC 包含内容：JFES120 传承版；JFES120 终极版,布鲁克森庄园事件-下集,ブルックソン・マナー事件 - 2部,Brookson Manor Incident - Part 2,Brookson Manor Incident - Partie 2,Brookson Manor Incident - Parte 2,Brookson Manor Incident - Teil 2,Brookson Manor Incident - Parte 2,Brookson Manor Incident - الجزء 2,Brookson Manor Incident - 2부,Brookson Manor Incident - Parte 2,Brookson Manor Incident - Часть 2,布魯克森莊園事件-下集,Brookson Manor Incident - Część 2,专名保留
shop.content.010,版本/DLC 包含内容：JFES130 标准版；JFES130 豪华版,奥林PIG运动会-第一天,オリンピッグ - 第1日,Olympig - Day 1,Olympig - Jour 1,Olympig - Giorno 1,Olympig - Tag 1,Olympig - Día 1,Olympig - اليوم 1,Olympig - 1일차,Olympig - Dia 1,Olympig - День 1,奧林PIG運動會-第一天,Olympig - Dzień 1,专名保留
shop.content.011,版本/DLC 包含内容：JFES130 标准版；JFES130 豪华版,奥林PIG运动会-第二天,オリンピッグ - 第2日,Olympig - Day 2,Olympig - Jour 2,Olympig - Giorno 2,Olympig - Tag 2,Olympig - Día 2,Olympig - اليوم 2,Olympig - 2일차,Olympig - Dia 2,Olympig - День 2,奧林PIG運動會-第二天,Olympig - Dzień 2,专名保留
shop.content.012,版本/DLC 包含内容：JFES130 标准版；JFES130 豪华版,奥林PIG运动会-第三天,オリンピッグ - 第3日,Olympig - Day 3,Olympig - Jour 3,Olympig - Giorno 3,Olympig - Tag 3,Olympig - Día 3,Olympig - اليوم 3,Olympig - 3일차,Olympig - Dia 3,Olympig - День 3,奧林PIG運動會-第三天,Olympig - Dzień 3,专名保留
shop.content.013,版本/DLC 包含内容：JFES130 标准版；JFES130 豪华版,奥林PIG运动会-第四天,オリンピッグ - 第4日,Olympig - Day 4,Olympig - Jour 4,Olympig - Giorno 4,Olympig - Tag 4,Olympig - Día 4,Olympig - اليوم 4,Olympig - 4일차,Olympig - Dia 4,Olympig - День 4,奧林PIG運動會-第四天,Olympig - Dzień 4,专名保留
shop.content.014,版本/DLC 包含内容：JFES130 标准版；JFES130 豪华版,奥林PIG运动会-第五天,オリンピッグ - 第5日,Olympig - Day 5,Olympig - Jour 5,Olympig - Giorno 5,Olympig - Tag 5,Olympig - Día 5,Olympig - اليوم 5,Olympig - 5일차,Olympig - Dia 5,Olympig - День 5,奧林PIG運動會-第五天,Olympig - Dzień 5,专名保留
shop.content.015,版本/DLC 包含内容：JFES130 标准版；JFES130 豪华版,奥林PIG运动会-第六天,オリンピッグ - 第6日,Olympig - Day 6,Olympig - Jour 6,Olympig - Giorno 6,Olympig - Tag 6,Olympig - Día 6,Olympig - اليوم 6,Olympig - 6일차,Olympig - Dia 6,Olympig - День 6,奧林PIG運動會-第六天,Olympig - Dzień 6,专名保留
shop.content.016,版本/DLC 包含内容：JFES130 豪华版；JFES130 猪需要背背(DLC),猪需要背背,おんぶ,Piggyback,Porté,In spalla,Huckepack,A cuestas,حمل على الظهر,업어주기,Cavalinho,На закорках,豬需要背背,Na barana,与 shop.dlc.01 一致
shop.content.017,版本/DLC 包含内容：JFES140 标准版,高手姿态-训练场,ヴィルトゥオーゾ・ポスチャー - トレーニング,Virtuose Posture - Training,Virtuose Posture - Entraînement,Virtuose Posture - Allenamento,Virtuose Posture - Training,Virtuose Posture - Entrenamiento,Virtuose Posture - تدريب,Virtuose Posture - 트레이닝,Virtuose Posture - Treino,Virtuose Posture - Тренировка,高手姿態-訓練場,Virtuose Posture - Trening,专名 JFC/训练
shop.content.018,版本/DLC 包含内容：JFES140 标准版,高手姿态-煎炸基,ヴィルトゥオーゾ・ポスチャー - JFC,Virtuose Posture - JFC,Virtuose Posture - JFC,Virtuose Posture - JFC,Virtuose Posture - JFC,Virtuose Posture - JFC,Virtuose Posture - JFC,Virtuose Posture - JFC,Virtuose Posture - JFC,Virtuose Posture - JFC,高手姿態-煎炸基,Virtuose Posture - JFC,煎炸基固定为 JFC
shop.content.019,版本/DLC 包含内容：JFES140 绝命危机模式(DLC),高手姿态-煎炸基绝命危机,ヴィルトゥオーゾ・ポスチャー - JFC マスト ダイ,Virtuose Posture - JFC Must Die,Virtuose Posture - JFC Must Die,Virtuose Posture - JFC Must Die,Virtuose Posture - JFC Must Die,Virtuose Posture - JFC Must Die,Virtuose Posture - JFC Must Die,Virtuose Posture - JFC Must Die,Virtuose Posture - JFC Must Die,Virtuose Posture - JFC Must Die,高手姿態-煎炸基絕命危機,Virtuose Posture - JFC Must Die,英文 JFC Must Die（仿 RE「Must Die」官方规律：仅日文音译，其余保留英文）
shop.content.020,版本/DLC 包含内容：JFES150 标准版,七七海滩度假计划,チーチー・ビーチ・バケーション・プラン,77 Beach Vacation Plan,77 Beach Vacation Plan,77 Beach Vacation Plan,77 Beach Vacation Plan,77 Beach Vacation Plan,77 Beach Vacation Plan,77 Beach Vacation Plan,77 Beach Vacation Plan,77 Beach Vacation Plan,七七海灘度假計劃,77 Beach Vacation Plan,专名保留
shop.content.021,版本/DLC 包含内容：JFES160 标准版；JFES160 黄金版；JFES160 支持者版,369 Parkour Lv1 Remake,368 Parkour Lv1 Remake,369 Parkour Lv1 Remake,369 Parkour Lv1 Remake,369 Parkour Lv1 Remake,369 Parkour Lv1 Remake,369 Parkour Lv1 Remake,369 Parkour Lv1 Remake,369 Parkour Lv1 Remake,369 Parkour Lv1 Remake,369 Parkour Lv1 Remake,369 Parkour Lv1 Remake,369 Parkour Lv1 Remake,专名保留
shop.content.022,版本/DLC 包含内容：JFES160 标准版；JFES160 黄金版；JFES160 支持者版,Colorblind Party,Colorblind Party,Colorblind Party,Colorblind Party,Colorblind Party,Colorblind Party,Colorblind Party,Colorblind Party,Colorblind Party,Colorblind Party,Colorblind Party,Colorblind Party,Colorblind Party,专名保留
shop.content.023,版本/DLC 包含内容：JFES160 标准版；JFES160 黄金版；JFES160 支持者版,Happy Everyday,Happy Everyday,Happy Everyday,Happy Everyday,Happy Everyday,Happy Everyday,Happy Everyday,Happy Everyday,Happy Everyday,Happy Everyday,Happy Everyday,Happy Everyday,Happy Everyday,专名保留
shop.content.024,版本/DLC 包含内容：JFES160 标准版；JFES160 黄金版；JFES160 支持者版,E33 Mini Games,E32 Mini Games,E33 Mini Games,E33 Mini Games,E33 Mini Games,E33 Mini Games,E33 Mini Games,E33 Mini Games,E33 Mini Games,E33 Mini Games,E33 Mini Games,E33 Mini Games,E33 Mini Games,专名保留
shop.content.025,版本/DLC 包含内容：JFES160 标准版；JFES160 黄金版；JFES160 支持者版,Mascot Party,Mascot Party,Mascot Party,Mascot Party,Mascot Party,Mascot Party,Mascot Party,Mascot Party,Mascot Party,Mascot Party,Mascot Party,Mascot Party,Mascot Party,专名保留
shop.content.026,版本/DLC 包含内容：JFES160 标准版；JFES160 黄金版；JFES160 支持者版,EASY^ ^,EASY^ ^,EASY^ ^,EASY^ ^,EASY^ ^,EASY^ ^,EASY^ ^,EASY^ ^,EASY^ ^,EASY^ ^,EASY^ ^,EASY^ ^,EASY^ ^,专名保留
shop.content.027,版本/DLC 包含内容：JFES160 标准版；JFES160 黄金版；JFES160 支持者版,PEAK GUYS - SHORE,PEAK GUYS - SHORE,PEAK GUYS - SHORE,PEAK GUYS - SHORE,PEAK GUYS - SHORE,PEAK GUYS - SHORE,PEAK GUYS - SHORE,PEAK GUYS - SHORE,PEAK GUYS - SHORE,PEAK GUYS - SHORE,PEAK GUYS - SHORE,PEAK GUYS - SHORE,PEAK GUYS - SHORE,专名保留
shop.content.028,版本/DLC 包含内容：JFES160 标准版；JFES160 黄金版；JFES160 支持者版,Let's go,Let's go,Let's go,Let's go,Let's go,Let's go,Let's go,Let's go,Let's go,Let's go,Let's go,Let's go,Let's go,专名保留
shop.content.029,版本/DLC 包含内容：JFES160 标准版；JFES160 黄金版；JFES160 支持者版,hi! summer,hi! summer,hi! summer,hi! summer,hi! summer,hi! summer,hi! summer,hi! summer,hi! summer,hi! summer,hi! summer,hi! summer,hi! summer,专名保留
shop.content.030,版本/DLC 包含内容：JFES160 标准版；JFES160 黄金版；JFES160 支持者版,飞行棋大作战 但猫猫头,Ludo Battle but Cat Heads,Ludo Battle but Cat Heads,Ludo Battle but Cat Heads,Ludo Battle but Cat Heads,Ludo Battle but Cat Heads,Ludo Battle but Cat Heads,Ludo Battle but Cat Heads,Ludo Battle but Cat Heads,Ludo Battle but Cat Heads,Ludo Battle but Cat Heads,飛行棋大作戰 但貓貓頭,Ludo Battle but Cat Heads,专名保留
shop.content.031,版本/DLC 包含内容：JFES160 黄金版；JFES160 支持者版；JFES160 表情塔(DLC),表情塔,絵文字タワー,Emoji Tower,Tour emoji,Torre emoji,Emoji-Turm,Torre emoji,برج الإيموجي,이모지 타워,Torre de emojis,Башня эмодзи,表情塔,Wieża emoji,与 shop.dlc.03 一致
shop.content.032,版本/DLC 包含内容：JFES160 黄金版；JFES160 支持者版；JFES160 表情塔(DLC),表情塔-为了奶茶,絵文字タワー - For Coco,Emoji Tower - For Coco,Tour emoji - For Coco,Torre emoji - For Coco,Emoji-Turm - For Coco,Torre emoji - For Coco,برج الإيموجي - For Coco,이모지 타워 - For Coco,Torre de emojis - For Coco,Башня эмодзи - For Coco,表情塔-為了奶茶,Wieża emoji - For Coco,Coco 为奶茶品牌，保留原名
shop.content.033,版本/DLC 包含内容：JFES160 支持者版；JFES160 支持者包(DLC),表情塔-为了奶茶国际版,絵文字タワー - For Coco 国際版,Emoji Tower - For Coco International,Tour emoji - For Coco International,Torre emoji - For Coco Internazionale,Emoji-Turm - For Coco International,Torre emoji - For Coco Internacional,برج الإيموجي - For Coco دولي,이모지 타워 - For Coco 국제판,Torre de emojis - For Coco Internacional,Башня эмодзи - For Coco Международный,表情塔-為了奶茶國際版,Wieża emoji - For Coco Międzynarodowy,Coco 为奶茶品牌，保留原名
shop.content.034,版本/DLC 包含内容：JFES170 标准版；JFES170 支持者版,糖豆节-第一赛季网关,フォールガイズフェス - シーズン1 ゲートウェイ,Fall Guys FES - Season 1 Gateway,Fall Guys FES - Saison 1 Passerelle,Fall Guys FES - Stagione 1 Portale,Fall Guys FES - Saison 1 Tor,Fall Guys FES - Temporada 1 Portal,Fall Guys FES - الموسم 1 بوابة,폴 가이즈 FES - 시즌 1 게이트웨이,Fall Guys FES - Temporada 1 Portal,Fall Guys FES - Сезон 1 Шлюз,糖豆節-第一賽季網關,Fall Guys FES - Sezon 1 Brama,专名保留
shop.content.035,版本/DLC 包含内容：JFES170 标准版；JFES170 支持者版,糖豆节-第一赛季网关简单版,フォールガイズフェス - シーズン1 ゲートウェイ 簡易版,Fall Guys FES - Season 1 Gateway Simplified,Fall Guys FES - Saison 1 Passerelle Simplifié,Fall Guys FES - Stagione 1 Portale Semplificato,Fall Guys FES - Saison 1 Tor Vereinfacht,Fall Guys FES - Temporada 1 Portal Simplificado,Fall Guys FES - الموسم 1 بوابة مبسّط,폴 가이즈 FES - 시즌 1 게이트웨이 간이판,Fall Guys FES - Temporada 1 Portal Simplificado,Fall Guys FES - Сезон 1 Шлюз Упрощённый,糖豆節-第一賽季網關簡單版,Fall Guys FES - Sezon 1 Brama Uproszczony,专名保留
shop.content.036,版本/DLC 包含内容：JFES170 标准版；JFES170 支持者版,糖豆节-第二赛季网关,フォールガイズフェス - シーズン2 ゲートウェイ,Fall Guys FES - Season 2 Gateway,Fall Guys FES - Saison 2 Passerelle,Fall Guys FES - Stagione 2 Portale,Fall Guys FES - Saison 2 Tor,Fall Guys FES - Temporada 2 Portal,Fall Guys FES - الموسم 2 بوابة,폴 가이즈 FES - 시즌 2 게이트웨이,Fall Guys FES - Temporada 2 Portal,Fall Guys FES - Сезон 2 Шлюз,糖豆節-第二賽季網關,Fall Guys FES - Sezon 2 Brama,专名保留
shop.content.037,版本/DLC 包含内容：JFES170 标准版；JFES170 支持者版,糖豆节-第二赛季网关简单版,フォールガイズフェス - シーズン2 ゲートウェイ 簡易版,Fall Guys FES - Season 2 Gateway Simplified,Fall Guys FES - Saison 2 Passerelle Simplifié,Fall Guys FES - Stagione 2 Portale Semplificato,Fall Guys FES - Saison 2 Tor Vereinfacht,Fall Guys FES - Temporada 2 Portal Simplificado,Fall Guys FES - الموسم 2 بوابة مبسّط,폴 가이즈 FES - 시즌 2 게이트웨이 간이판,Fall Guys FES - Temporada 2 Portal Simplificado,Fall Guys FES - Сезон 2 Шлюз Упрощённый,糖豆節-第二賽季網關簡單版,Fall Guys FES - Sezon 2 Brama Uproszczony,专名保留
shop.content.038,版本/DLC 包含内容：JFES170 标准版；JFES170 支持者版,糖豆节-第三赛季网关,フォールガイズフェス - シーズン3 ゲートウェイ,Fall Guys FES - Season 3 Gateway,Fall Guys FES - Saison 3 Passerelle,Fall Guys FES - Stagione 3 Portale,Fall Guys FES - Saison 3 Tor,Fall Guys FES - Temporada 3 Portal,Fall Guys FES - الموسم 3 بوابة,폴 가이즈 FES - 시즌 3 게이트웨이,Fall Guys FES - Temporada 3 Portal,Fall Guys FES - Сезон 3 Шлюз,糖豆節-第三賽季網關,Fall Guys FES - Sezon 3 Brama,专名保留
shop.content.039,版本/DLC 包含内容：JFES170 标准版；JFES170 支持者版,糖豆节-第三赛季网关简单版,フォールガイズフェス - シーズン3 ゲートウェイ 簡易版,Fall Guys FES - Season 3 Gateway Simplified,Fall Guys FES - Saison 3 Passerelle Simplifié,Fall Guys FES - Stagione 3 Portale Semplificato,Fall Guys FES - Saison 3 Tor Vereinfacht,Fall Guys FES - Temporada 3 Portal Simplificado,Fall Guys FES - الموسم 3 بوابة مبسّط,폴 가이즈 FES - 시즌 3 게이트웨이 간이판,Fall Guys FES - Temporada 3 Portal Simplificado,Fall Guys FES - Сезон 3 Шлюз Упрощённый,糖豆節-第三賽季網關簡單版,Fall Guys FES - Sezon 3 Brama Uproszczony,专名保留
shop.content.040,版本/DLC 包含内容：JFES170 标准版；JFES170 支持者版,糖豆节-第四赛季网关,フォールガイズフェス - シーズン4 ゲートウェイ,Fall Guys FES - Season 4 Gateway,Fall Guys FES - Saison 4 Passerelle,Fall Guys FES - Stagione 4 Portale,Fall Guys FES - Saison 4 Tor,Fall Guys FES - Temporada 4 Portal,Fall Guys FES - الموسم 4 بوابة,폴 가이즈 FES - 시즌 4 게이트웨이,Fall Guys FES - Temporada 4 Portal,Fall Guys FES - Сезон 4 Шлюз,糖豆節-第四賽季網關,Fall Guys FES - Sezon 4 Brama,专名保留
shop.content.041,版本/DLC 包含内容：JFES170 标准版；JFES170 支持者版,糖豆节-第四赛季网关简单版,フォールガイズフェス - シーズン4 ゲートウェイ 簡易版,Fall Guys FES - Season 4 Gateway Simplified,Fall Guys FES - Saison 4 Passerelle Simplifié,Fall Guys FES - Stagione 4 Portale Semplificato,Fall Guys FES - Saison 4 Tor Vereinfacht,Fall Guys FES - Temporada 4 Portal Simplificado,Fall Guys FES - الموسم 4 بوابة مبسّط,폴 가이즈 FES - 시즌 4 게이트웨이 간이판,Fall Guys FES - Temporada 4 Portal Simplificado,Fall Guys FES - Сезон 4 Шлюз Упрощённый,糖豆節-第四賽季網關簡單版,Fall Guys FES - Sezon 4 Brama Uproszczony,专名保留
shop.content.042,版本/DLC 包含内容：JFES170 标准版；JFES170 支持者版,糖豆节-第五赛季网关,フォールガイズフェス - シーズン5 ゲートウェイ,Fall Guys FES - Season 5 Gateway,Fall Guys FES - Saison 5 Passerelle,Fall Guys FES - Stagione 5 Portale,Fall Guys FES - Saison 5 Tor,Fall Guys FES - Temporada 5 Portal,Fall Guys FES - الموسم 5 بوابة,폴 가이즈 FES - 시즌 5 게이트웨이,Fall Guys FES - Temporada 5 Portal,Fall Guys FES - Сезон 5 Шлюз,糖豆節-第五賽季網關,Fall Guys FES - Sezon 5 Brama,专名保留
shop.content.043,版本/DLC 包含内容：JFES170 标准版；JFES170 支持者版,糖豆节-第五赛季网关简单版,フォールガイズフェス - シーズン5 ゲートウェイ 簡易版,Fall Guys FES - Season 5 Gateway Simplified,Fall Guys FES - Saison 5 Passerelle Simplifié,Fall Guys FES - Stagione 5 Portale Semplificato,Fall Guys FES - Saison 5 Tor Vereinfacht,Fall Guys FES - Temporada 5 Portal Simplificado,Fall Guys FES - الموسم 5 بوابة مبسّط,폴 가이즈 FES - 시즌 5 게이트웨이 간이판,Fall Guys FES - Temporada 5 Portal Simplificado,Fall Guys FES - Сезон 5 Шлюз Упрощённый,糖豆節-第五賽季網關簡單版,Fall Guys FES - Sezon 5 Brama Uproszczony,专名保留
shop.content.044,版本/DLC 包含内容：JFES170 标准版；JFES170 支持者版,糖豆节-第六赛季网关,フォールガイズフェス - シーズン6 ゲートウェイ,Fall Guys FES - Season 6 Gateway,Fall Guys FES - Saison 6 Passerelle,Fall Guys FES - Stagione 6 Portale,Fall Guys FES - Saison 6 Tor,Fall Guys FES - Temporada 6 Portal,Fall Guys FES - الموسم 6 بوابة,폴 가이즈 FES - 시즌 6 게이트웨이,Fall Guys FES - Temporada 6 Portal,Fall Guys FES - Сезон 6 Шлюз,糖豆節-第六賽季網關,Fall Guys FES - Sezon 6 Brama,专名保留
shop.content.045,版本/DLC 包含内容：JFES170 标准版；JFES170 支持者版,糖豆节-第六赛季网关简单版,フォールガイズフェス - シーズン6 ゲートウェイ 簡易版,Fall Guys FES - Season 6 Gateway Simplified,Fall Guys FES - Saison 6 Passerelle Simplifié,Fall Guys FES - Stagione 6 Portale Semplificato,Fall Guys FES - Saison 6 Tor Vereinfacht,Fall Guys FES - Temporada 6 Portal Simplificado,Fall Guys FES - الموسم 6 بوابة مبسّط,폴 가이즈 FES - 시즌 6 게이트웨이 간이판,Fall Guys FES - Temporada 6 Portal Simplificado,Fall Guys FES - Сезон 6 Шлюз Упрощённый,糖豆節-第六賽季網關簡單版,Fall Guys FES - Sezon 6 Brama Uproszczony,专名保留
shop.content.046,版本/DLC 包含内容：JFES170 标准版；JFES170 支持者版,糖豆节-第七赛季网关,フォールガイズフェス - シーズン7 ゲートウェイ,Fall Guys FES - Season 7 Gateway,Fall Guys FES - Saison 7 Passerelle,Fall Guys FES - Stagione 7 Portale,Fall Guys FES - Saison 7 Tor,Fall Guys FES - Temporada 7 Portal,Fall Guys FES - الموسم 7 بوابة,폴 가이즈 FES - 시즌 7 게이트웨이,Fall Guys FES - Temporada 7 Portal,Fall Guys FES - Сезон 7 Шлюз,糖豆節-第七賽季網關,Fall Guys FES - Sezon 7 Brama,专名保留
shop.content.047,版本/DLC 包含内容：JFES170 标准版；JFES170 支持者版,糖豆节-第七赛季网关简单版,フォールガイズフェス - シーズン7 ゲートウェイ 簡易版,Fall Guys FES - Season 7 Gateway Simplified,Fall Guys FES - Saison 7 Passerelle Simplifié,Fall Guys FES - Stagione 7 Portale Semplificato,Fall Guys FES - Saison 7 Tor Vereinfacht,Fall Guys FES - Temporada 7 Portal Simplificado,Fall Guys FES - الموسم 7 بوابة مبسّط,폴 가이즈 FES - 시즌 7 게이트웨이 간이판,Fall Guys FES - Temporada 7 Portal Simplificado,Fall Guys FES - Сезон 7 Шлюз Упрощённый,糖豆節-第七賽季網關簡單版,Fall Guys FES - Sezon 7 Brama Uproszczony,专名保留
shop.content.048,版本/DLC 包含内容：JFES170 标准版；JFES170 支持者版,糖豆节-第八赛季网关,フォールガイズフェス - シーズン8 ゲートウェイ,Fall Guys FES - Season 8 Gateway,Fall Guys FES - Saison 8 Passerelle,Fall Guys FES - Stagione 8 Portale,Fall Guys FES - Saison 8 Tor,Fall Guys FES - Temporada 8 Portal,Fall Guys FES - الموسم 8 بوابة,폴 가이즈 FES - 시즌 8 게이트웨이,Fall Guys FES - Temporada 8 Portal,Fall Guys FES - Сезон 8 Шлюз,糖豆節-第八賽季網關,Fall Guys FES - Sezon 8 Brama,专名保留
shop.content.049,版本/DLC 包含内容：JFES170 标准版；JFES170 支持者版,糖豆节-第八赛季网关简单版,フォールガイズフェス - シーズン8 ゲートウェイ 簡易版,Fall Guys FES - Season 8 Gateway Simplified,Fall Guys FES - Saison 8 Passerelle Simplifié,Fall Guys FES - Stagione 8 Portale Semplificato,Fall Guys FES - Saison 8 Tor Vereinfacht,Fall Guys FES - Temporada 8 Portal Simplificado,Fall Guys FES - الموسم 8 بوابة مبسّط,폴 가이즈 FES - 시즌 8 게이트웨이 간이판,Fall Guys FES - Temporada 8 Portal Simplificado,Fall Guys FES - Сезон 8 Шлюз Упрощённый,糖豆節-第八賽季網關簡單版,Fall Guys FES - Sezon 8 Brama Uproszczony,专名保留
shop.content.050,版本/DLC 包含内容：JFES170 标准版；JFES170 支持者版,糖豆节-第九赛季网关,フォールガイズフェス - シーズン9 ゲートウェイ,Fall Guys FES - Season 9 Gateway,Fall Guys FES - Saison 9 Passerelle,Fall Guys FES - Stagione 9 Portale,Fall Guys FES - Saison 9 Tor,Fall Guys FES - Temporada 9 Portal,Fall Guys FES - الموسم 9 بوابة,폴 가이즈 FES - 시즌 9 게이트웨이,Fall Guys FES - Temporada 9 Portal,Fall Guys FES - Сезон 9 Шлюз,糖豆節-第九賽季網關,Fall Guys FES - Sezon 9 Brama,专名保留
shop.content.051,版本/DLC 包含内容：JFES170 标准版；JFES170 支持者版,糖豆节-第九赛季网关简单版,フォールガイズフェス - シーズン9 ゲートウェイ 簡易版,Fall Guys FES - Season 9 Gateway Simplified,Fall Guys FES - Saison 9 Passerelle Simplifié,Fall Guys FES - Stagione 9 Portale Semplificato,Fall Guys FES - Saison 9 Tor Vereinfacht,Fall Guys FES - Temporada 9 Portal Simplificado,Fall Guys FES - الموسم 9 بوابة مبسّط,폴 가이즈 FES - 시즌 9 게이트웨이 간이판,Fall Guys FES - Temporada 9 Portal Simplificado,Fall Guys FES - Сезон 9 Шлюз Упрощённый,糖豆節-第九賽季網關簡單版,Fall Guys FES - Sezon 9 Brama Uproszczony,专名保留
shop.content.052,版本/DLC 包含内容：JFES170 支持者版；JFES170 支持者包(DLC),糖豆节-第九赛季网关国际版,フォールガイズフェス - シーズン9 ゲートウェイ 国際版,Fall Guys FES - Season 9 Gateway International,Fall Guys FES - Saison 9 Passerelle International,Fall Guys FES - Stagione 9 Portale Internazionale,Fall Guys FES - Saison 9 Tor International,Fall Guys FES - Temporada 9 Portal Internacional,Fall Guys FES - الموسم 9 بوابة دولي,폴 가이즈 FES - 시즌 9 게이트웨이 국제판,Fall Guys FES - Temporada 9 Portal Internacional,Fall Guys FES - Сезон 9 Шлюз Международный,糖豆節-第九賽季網關國際版,Fall Guys FES - Sezon 9 Brama Międzynarodowy,专名保留
shop.content.053,版本/DLC 包含内容：JFES175 标准版,煎炸镇美术馆,煎炸鎮美術館,JianZha Town Art Museum,JianZha Town Art Museum,JianZha Town Art Museum,JianZha Town Art Museum,JianZha Town Art Museum,JianZha Town Art Museum,JianZha Town Art Museum,JianZha Town Art Museum,JianZha Town Art Museum,煎炸鎮美術館,JianZha Town Art Museum,专名保留
shop.content.054,版本/DLC 包含内容：JFES180 体验版；JFES180 豪华版；JFES180 黄金版；JFES180 尊享版,奥林PIG运动会第二季-开幕式,オリンピッグ シーズン2 - 開会式,Olympig Season 2 - Opening Ceremony,Olympig Season 2 - Cérémonie d'ouverture,Olympig Season 2 - Cerimonia di apertura,Olympig Season 2 - Eröffnungsfeier,Olympig Season 2 - Ceremonia de apertura,Olympig Season 2 - حفل الافتتاح,Olympig Season 2 - 개회식,Olympig Season 2 - Cerimônia de abertura,Olympig Season 2 - Церемония открытия,奧林PIG運動會第二季-開幕式,Olympig Season 2 - Ceremonia otwarcia,专名保留
shop.content.055,版本/DLC 包含内容：JFES180 标准版；JFES180 豪华版；JFES180 黄金版；JFES180 尊享版,奥林PIG运动会第二季-800m,オリンピッグ シーズン2 - 800m,Olympig Season 2 - 800m,Olympig Season 2 - 800m,Olympig Season 2 - 800m,Olympig Season 2 - 800m,Olympig Season 2 - 800m,Olympig Season 2 - 800m,Olympig Season 2 - 800m,Olympig Season 2 - 800m,Olympig Season 2 - 800m,奧林PIG運動會第二季-800m,Olympig Season 2 - 800m,专名保留
shop.content.056,版本/DLC 包含内容：JFES180 标准版；JFES180 豪华版；JFES180 黄金版；JFES180 尊享版,奥林PIG运动会第二季-蜂窝三项,オリンピッグ シーズン2 - ハニカム・トライアスロン,Olympig Season 2 - Hive Triathlon,Olympig Season 2 - Hive Triathlon,Olympig Season 2 - Hive Triathlon,Olympig Season 2 - Hive Triathlon,Olympig Season 2 - Hive Triathlon,Olympig Season 2 - Hive Triathlon,Olympig Season 2 - Hive Triathlon,Olympig Season 2 - Hive Triathlon,Olympig Season 2 - Hive Triathlon,奧林PIG運動會第二季-蜂窩三項,Olympig Season 2 - Hive Triathlon,专名保留
shop.content.057,版本/DLC 包含内容：JFES180 标准版；JFES180 豪华版；JFES180 黄金版；JFES180 尊享版,奥林PIG运动会第二季-冰球,オリンピッグ シーズン2 - アイスホッケー,Olympig Season 2 - Ice Hockey,Olympig Season 2 - Ice Hockey,Olympig Season 2 - Ice Hockey,Olympig Season 2 - Ice Hockey,Olympig Season 2 - Ice Hockey,Olympig Season 2 - Ice Hockey,Olympig Season 2 - Ice Hockey,Olympig Season 2 - Ice Hockey,Olympig Season 2 - Ice Hockey,奧林PIG運動會第二季-冰球,Olympig Season 2 - Ice Hockey,专名保留
shop.content.058,版本/DLC 包含内容：JFES180 标准版；JFES180 豪华版；JFES180 黄金版；JFES180 尊享版,奥林PIG运动会第二季-滑雪,オリンピッグ シーズン2 - スキー,Olympig Season 2 - Skiing,Olympig Season 2 - Skiing,Olympig Season 2 - Skiing,Olympig Season 2 - Skiing,Olympig Season 2 - Skiing,Olympig Season 2 - Skiing,Olympig Season 2 - Skiing,Olympig Season 2 - Skiing,Olympig Season 2 - Skiing,奧林PIG運動會第二季-滑雪,Olympig Season 2 - Skiing,专名保留
shop.content.059,版本/DLC 包含内容：JFES180 标准版；JFES180 豪华版；JFES180 黄金版；JFES180 尊享版,奥林PIG运动会第二季-雪橇车,オリンピッグ シーズン2 - そり,Olympig Season 2 - Sled,Olympig Season 2 - Sled,Olympig Season 2 - Sled,Olympig Season 2 - Sled,Olympig Season 2 - Sled,Olympig Season 2 - Sled,Olympig Season 2 - Sled,Olympig Season 2 - Sled,Olympig Season 2 - Sled,奧林PIG運動會第二季-雪橇車,Olympig Season 2 - Sled,专名保留
shop.content.060,版本/DLC 包含内容：JFES180 标准版；JFES180 豪华版；JFES180 黄金版；JFES180 尊享版,奥林PIG运动会第二季-动态高尔夫,オリンピッグ シーズン2 - ダイナミック・ゴルフ,Olympig Season 2 - Dynamic Golf,Olympig Season 2 - Dynamic Golf,Olympig Season 2 - Dynamic Golf,Olympig Season 2 - Dynamic Golf,Olympig Season 2 - Dynamic Golf,Olympig Season 2 - Dynamic Golf,Olympig Season 2 - Dynamic Golf,Olympig Season 2 - Dynamic Golf,Olympig Season 2 - Dynamic Golf,奧林PIG運動會第二季-動態高爾夫,Olympig Season 2 - Dynamic Golf,专名保留
shop.content.061,版本/DLC 包含内容：JFES180 标准版；JFES180 豪华版；JFES180 黄金版；JFES180 尊享版,奥林PIG运动会第二季-躲避球,オリンピッグ シーズン2 - ドッジボール,Olympig Season 2 - Dodgeball,Olympig Season 2 - Dodgeball,Olympig Season 2 - Dodgeball,Olympig Season 2 - Dodgeball,Olympig Season 2 - Dodgeball,Olympig Season 2 - Dodgeball,Olympig Season 2 - Dodgeball,Olympig Season 2 - Dodgeball,Olympig Season 2 - Dodgeball,奧林PIG運動會第二季-躲避球,Olympig Season 2 - Dodgeball,专名保留
shop.content.062,版本/DLC 包含内容：JFES180 标准版；JFES180 豪华版；JFES180 黄金版；JFES180 尊享版,奥林PIG运动会第二季-低重力游泳,オリンピッグ シーズン2 - 低重力水泳,Olympig Season 2 - Low-Gravity Swimming,Olympig Season 2 - Low-Gravity Swimming,Olympig Season 2 - Low-Gravity Swimming,Olympig Season 2 - Low-Gravity Swimming,Olympig Season 2 - Low-Gravity Swimming,Olympig Season 2 - Low-Gravity Swimming,Olympig Season 2 - Low-Gravity Swimming,Olympig Season 2 - Low-Gravity Swimming,Olympig Season 2 - Low-Gravity Swimming,奧林PIG運動會第二季-低重力游泳,Olympig Season 2 - Low-Gravity Swimming,专名保留
shop.content.063,版本/DLC 包含内容：JFES180 标准版；JFES180 豪华版；JFES180 黄金版；JFES180 尊享版,奥林PIG运动会第二季-二维跨栏,オリンピッグ シーズン2 - 2Dハードル,Olympig Season 2 - 2D Hurdles,Olympig Season 2 - 2D Hurdles,Olympig Season 2 - 2D Hurdles,Olympig Season 2 - 2D Hurdles,Olympig Season 2 - 2D Hurdles,Olympig Season 2 - 2D Hurdles,Olympig Season 2 - 2D Hurdles,Olympig Season 2 - 2D Hurdles,Olympig Season 2 - 2D Hurdles,奧林PIG運動會第二季-二維跨欄,Olympig Season 2 - 2D Hurdles,专名保留
shop.content.064,版本/DLC 包含内容：JFES180 标准版；JFES180 豪华版；JFES180 黄金版；JFES180 尊享版,奥林PIG运动会第二季-风力跳远,オリンピッグ シーズン2 - 風力走り幅跳び,Olympig Season 2 - Wind Long Jump,Olympig Season 2 - Wind Long Jump,Olympig Season 2 - Wind Long Jump,Olympig Season 2 - Wind Long Jump,Olympig Season 2 - Wind Long Jump,Olympig Season 2 - Wind Long Jump,Olympig Season 2 - Wind Long Jump,Olympig Season 2 - Wind Long Jump,Olympig Season 2 - Wind Long Jump,奧林PIG運動會第二季-風力跳遠,Olympig Season 2 - Wind Long Jump,专名保留
shop.content.065,版本/DLC 包含内容：JFES180 标准版；JFES180 豪华版；JFES180 黄金版；JFES180 尊享版,奥林PIG运动会第二季-平衡搏击,オリンピッグ シーズン2 - バランス・ファイト,Olympig Season 2 - Balance Fight,Olympig Season 2 - Balance Fight,Olympig Season 2 - Balance Fight,Olympig Season 2 - Balance Fight,Olympig Season 2 - Balance Fight,Olympig Season 2 - Balance Fight,Olympig Season 2 - Balance Fight,Olympig Season 2 - Balance Fight,Olympig Season 2 - Balance Fight,奧林PIG運動會第二季-平衡搏擊,Olympig Season 2 - Balance Fight,专名保留
shop.content.066,版本/DLC 包含内容：JFES180 豪华版；JFES180 黄金版；JFES180 尊享版,奥林PIG运动会第二季-闭幕式,オリンピッグ シーズン2 - 閉会式,Olympig Season 2 - Closing Ceremony,Olympig Season 2 - Cérémonie de clôture,Olympig Season 2 - Cerimonia di chiusura,Olympig Season 2 - Schlussfeier,Olympig Season 2 - Ceremonia de clausura,Olympig Season 2 - حفل الختام,Olympig Season 2 - 폐회식,Olympig Season 2 - Cerimônia de encerramento,Olympig Season 2 - Церемония закрытия,奧林PIG運動會第二季-閉幕式,Olympig Season 2 - Ceremonia zamknięcia,专名保留
shop.content.067,版本/DLC 包含内容：JFES180 黄金版；JFES180 尊享版；JFES180 残奥会(DLC),残奥会-缺手,パラリンピック - 手なし,Paralympics - No Hands,Jeux paralympiques - Sans mains,Paralimpiadi - Senza mani,Paralympics - Ohne Hände,Juegos Paralímpicos - Sin manos,الألعاب البارالمبية - بلا أيدٍ,패럴림픽 - 손 없음,Paralimpíadas - Sem mãos,Паралимпиада - Без рук,殘奧會-缺手,Paralimpiada - Bez rąk,与 shop.dlc.05 一致
shop.content.068,版本/DLC 包含内容：JFES180 黄金版；JFES180 尊享版；JFES180 残奥会(DLC),残奥会-眼瞎,パラリンピック - 目隠し,Paralympics - Blind,Jeux paralympiques - Aveugle,Paralimpiadi - Cieco,Paralympics - Blind,Juegos Paralímpicos - Ciego,الألعاب البارالمبية - أعمى,패럴림픽 - 눈 가림,Paralimpíadas - Cego,Паралимпиада - Слепой,殘奧會-眼瞎,Paralimpiada - Niewidomy,与 shop.dlc.05 一致
shop.content.069,版本/DLC 包含内容：JFES180 黄金版；JFES180 尊享版；JFES180 残奥会(DLC),残奥会-坏脚,パラリンピック - 足故障,Paralympics - Broken Leg,Jeux paralympiques - Jambe cassée,Paralimpiadi - Gamba rotta,Paralympics - Beinbruch,Juegos Paralímpicos - Pierna rota,الألعاب البارالمبية - ساق مكسورة,패럴림픽 - 다리 부상,Paralimpíadas - Perna quebrada,Паралимпиада - Сломанная нога,殘奧會-壞腳,Paralimpiada - Złamana noga,与 shop.dlc.05 一致
shop.content.070,版本/DLC 包含内容：JFES180 黄金版；JFES180 尊享版；JFES180 残奥会(DLC),残奥会-色雾,パラリンピック - 色かぶり,Paralympics - Color Fog,Jeux paralympiques - Brouillard coloré,Paralimpiadi - Fog colorato,Paralympics - Farbnebel,Juegos Paralímpicos - Niebla de color,الألعاب البارالمبية - ضباب ملون,패럴림픽 - 색 안개,Paralimpíadas - Névoa colorida,Паралимпиада - Цветовой туман,殘奧會-色霧,Paralimpiada - Mgła kolorów,与 shop.dlc.05 一致
shop.content.071,版本/DLC 包含内容：JFES180 黄金版；JFES180 尊享版；JFES180 残奥会(DLC),残奥会-缺手X,パラリンピック - 手なし X,Paralympics - No Hands X,Jeux paralympiques - Sans mains X,Paralimpiadi - Senza mani X,Paralympics - Ohne Hände X,Juegos Paralímpicos - Sin manos X,الألعاب البارالمبية - بلا أيدٍ X,패럴림픽 - 손 없음 X,Paralimpíadas - Sem mãos X,Паралимпиада - Без рук X,殘奧會-缺手X,Paralimpiada - Bez rąk X,与 shop.dlc.05 一致
shop.content.072,版本/DLC 包含内容：JFES180 黄金版；JFES180 尊享版；JFES180 残奥会(DLC),残奥会-眼瞎X,パラリンピック - 目隠し X,Paralympics - Blind X,Jeux paralympiques - Aveugle X,Paralimpiadi - Cieco X,Paralympics - Blind X,Juegos Paralímpicos - Ciego X,الألعاب البارالمبية - أعمى X,패럴림픽 - 눈 가림 X,Paralimpíadas - Cego X,Паралимпиада - Слепой X,殘奧會-眼瞎X,Paralimpiada - Niewidomy X,与 shop.dlc.05 一致
shop.content.073,版本/DLC 包含内容：JFES180 黄金版；JFES180 尊享版；JFES180 残奥会(DLC),残奥会-坏脚X,パラリンピック - 足故障 X,Paralympics - Broken Leg X,Jeux paralympiques - Jambe cassée X,Paralimpiadi - Gamba rotta X,Paralympics - Beinbruch X,Juegos Paralímpicos - Pierna rota X,الألعاب البارالمبية - ساق مكسورة X,패럴림픽 - 다리 부상 X,Paralimpíadas - Perna quebrada X,Паралимпиада - Сломанная нога X,殘奧會-壞腳X,Paralimpiada - Złamana noga X,与 shop.dlc.05 一致
shop.content.074,版本/DLC 包含内容：JFES180 黄金版；JFES180 尊享版；JFES180 残奥会(DLC),残奥会-色雾X,パラリンピック - 色かぶり X,Paralympics - Color Fog X,Jeux paralympiques - Brouillard coloré X,Paralimpiadi - Fog colorato X,Paralympics - Farbnebel X,Juegos Paralímpicos - Niebla de color X,الألعاب البارالمبية - ضباب ملون X,패럴림픽 - 색 안개 X,Paralimpíadas - Névoa colorida X,Паралимпиада - Цветовой туман X,殘奧會-色霧X,Paralimpiada - Mgła kolorów X,与 shop.dlc.05 一致
shop.content.075,版本/DLC 包含内容：JFES180 黄金版；JFES180 尊享版；JFES180 马拉松(DLC),马拉松,マラソン,Marathon,Marathon,Maratona,Marathon,Maratón,ماراثون,마라톤,Maratona,Марафон,馬拉松,Maraton,与 shop.dlc.06 一致
shop.content.076,版本/DLC 包含内容：JFES180 尊享版；JFES180 支持者包(DLC),奥林PIG运动会第二季-800m国际版,オリンピッグ シーズン2 - 800m 国際版,Olympig Season 2 - 800m International,Olympig Season 2 - 800m International,Olympig Season 2 - 800m Internazionale,Olympig Season 2 - 800m International,Olympig Season 2 - 800m Internacional,Olympig Season 2 - 800m دولي,Olympig Season 2 - 800m 국제판,Olympig Season 2 - 800m Internacional,Olympig Season 2 - 800m Международный,奧林PIG運動會第二季-800m國際版,Olympig Season 2 - 800m Międzynarodowy,专名保留
shop.content.077,版本/DLC 包含内容：JFES190 标准版；JFES190 黄金版,不给糖果就小丑导弹,トリート・オア・クラウン,Treat or Clown,Treat or Clown,Treat or Clown,Treat or Clown,Treat or Clown,Treat or Clown,Treat or Clown,Treat or Clown,Treat or Clown,不給糖果就小丑導彈,Treat or Clown,专名保留
shop.content.078,版本/DLC 包含内容：JFES190 黄金版；JFES190 生日快乐(DLC),生日快乐,ハッピーバースデー,Happy Birthday,Joyeux anniversaire,Buon compleanno,Alles Gute zum Geburtstag,Feliz cumpleaños,عيد ميلاد سعيد,생일 축하해,Feliz aniversário,С днём рождения,生日快樂,Wszystkiego najlepszego,与 shop.dlc.07 一致
shop.content.079,版本/DLC 包含内容：JFES195 标准版,猪诞狂欢,ピッグバース・パーティー,Pigbirth Party,Pigbirth Party,Pigbirth Party,Pigbirth Party,Pigbirth Party,Pigbirth Party,Pigbirth Party,Pigbirth Party,Pigbirth Party,豬誕狂歡,Pigbirth Party,专名保留
shop.content.080,版本/DLC 包含内容：JFES200 标准版,白日梦,デイ・ドリーム,Day Dream,Day Dream,Day Dream,Day Dream,Day Dream,Day Dream,Day Dream,Day Dream,Day Dream,白日夢,Day Dream,专名保留
shop.version.01,版本名：JFES110；JFES115；JFES120；JFES130；JFES140；JFES150；JFES160；JFES170；JFES175；JFES180；JFES190；JFES195；JFES200,标准版,スタンダード版,Standard Edition,Édition standard,Edizione standard,Standard Edition,Edición estándar,الإصدار القياسي,스탠다드 에디션,Edição Padrão,Стандартное издание,標準版,Edycja standardowa,与 UI 文件 shop.edition.标准版 一致
shop.version.02,版本名：JFES110；JFES115；JFES120,传承版,レガシー版,Legacy Edition,Édition Héritage,Edizione Legacy,Legacy Edition,Edición Legacy,إصدار Legacy,레거시 에디션,Edição Legacy,Издание Legacy,傳承版,Edycja Legacy,与 UI 文件 shop.edition.传承版 一致
shop.version.03,版本名：JFES110；JFES115；JFES120,终极版,アルティメット版,Ultimate Edition,Édition ultime,Edizione Ultimate,Ultimate Edition,Edición Ultimate,الإصدار الأقصى,얼티밋 에디션,Edição Ultimate,Ultimate-издание,終極版,Edycja Ultimate,与 UI 文件 shop.edition.终极版 一致
shop.version.04,版本名：JFES130；JFES180,豪华版,デラックス版,Deluxe Edition,Édition Deluxe,Edizione Deluxe,Deluxe Edition,Edición Deluxe,الإصدار الفاخر,디럭스 에디션,Edição Deluxe,Расширенное издание,豪華版,Edycja Deluxe,与 UI 文件 shop.edition.豪华版 一致
shop.version.05,版本名：JFES160；JFES180；JFES190,黄金版,ゴールド版,Gold Edition,Édition Or,Edizione Oro,Gold Edition,Edición Oro,الإصدار الذهبي,골드 에디션,Edição Ouro,Золотое издание,黃金版,Edycja Gold,与 UI 文件 shop.edition.黄金版 一致
shop.version.06,版本名：JFES160；JFES170,支持者版,サポーター版,Supporter Edition,Édition Supporter,Edizione Sostenitore,Supporter Edition,Edición de apoyo,إصدار الداعمين,서포터 에디션,Edição de Apoiador,Издание для поддержки,支持者版,Edycja Supporter,与 UI 文件 shop.edition.支持者版 一致
shop.version.07,版本名：JFES180,体验版,体験版,Trial Edition,Édition d'essai,Edizione di prova,Testversion,Edición de prueba,إصدار تجريبي,체험판,Edição de teste,Пробное издание,體驗版,Wersja próbna,与 UI 文件 shop.edition.体验版 一致
shop.version.08,版本名：JFES180,尊享版,プレミアム版,Premium Edition,Édition Premium,Edizione Premium,Premium Edition,Edición Premium,الإصدار المميز,프리미엄 에디션,Edição Premium,Премиум-издание,尊享版,Edycja Premium,与 UI 文件 shop.edition.尊享版 一致
shop.dlc.01,DLC 名：JFES130,猪需要背背,おんぶ,Piggyback,Porté,In spalla,Huckepack,A cuestas,حمل على الظهر,업어주기,Cavalinho,На закорках,豬需要背背,Na barana,DLC 名
shop.dlc.02,DLC 名：JFES140,绝命危机模式,MDモード,MD Mode,Mode MD,Modalità MD,MD-Modus,Modo MD,وضع MD,MD 모드,Modo MD,Режим MD,絕命危機模式,Tryb MD,MD = Must Die 缩写
shop.dlc.03,DLC 名：JFES160,表情塔,絵文字タワー,Emoji Tower,Tour emoji,Torre emoji,Emoji-Turm,Torre emoji,برج الإيموجي,이모지 타워,Torre de emojis,Башня эмодзи,表情塔,Wieża emoji,DLC 名
shop.dlc.04,DLC 名：JFES160；JFES170；JFES180,支持者包,サポーターパック,Supporter Pack,Pack Supporter,Pacchetto Sostenitore,Supporter-Paket,Paquete de apoyo,حزمة الداعمين,서포터 팩,Pacote de Apoiador,Набор поддержки,支持者包,Pakiet Supporter,与 UI 文件 shop.edition.支持者包 一致
shop.dlc.05,DLC 名：JFES180,残奥会,パラリンピック,Paralympics,Jeux paralympiques,Paralimpiadi,Paralympics,Juegos Paralímpicos,الألعاب البارالمبية,패럴림픽,Paralimpíadas,Паралимпиада,殘奧會,Paralimpiada,DLC 名
shop.dlc.06,DLC 名：JFES180,马拉松,マラソン,Marathon,Marathon,Maratona,Marathon,Maratón,ماراثون,마라톤,Maratona,Марафон,馬拉松,Maraton,DLC 名
shop.dlc.07,DLC 名：JFES190,生日快乐,ハッピーバースデー,Happy Birthday,Joyeux anniversaire,Buon compleanno,Alles Gute zum Geburtstag,Feliz cumpleaños,عيد ميلاد سعيد,생일 축하해,Feliz aniversário,С днём рождения,生日快樂,Wszystkiego najlepszego,DLC 名
shop.activity.JFES110,活动名：JFES110,2026糖豆人拜年纪 Rehonor,2026 フォールガイズ 春節記念・リオナー,2026 Fall Guys Chinese New Year Anniversary Rehonor,2026 Fall Guys Chinese New Year Anniversary Rehonor,2026 Fall Guys Chinese New Year Anniversary Rehonor,2026 Fall Guys Chinese New Year Anniversary Rehonor,2026 Fall Guys Chinese New Year Anniversary Rehonor,2026 Fall Guys Chinese New Year Anniversary Rehonor,2026 폴 가이즈 Chinese New Year Anniversary Rehonor,2026 Fall Guys Chinese New Year Anniversary Rehonor,2026 Fall Guys Chinese New Year Anniversary Rehonor,2026糖豆人拜年紀 Rehonor,2026 Fall Guys Chinese New Year Anniversary Rehonor,活动名
shop.activity.JFES115,活动名：JFES115,煎炸镇步行街 行动重置,煎炸鎮ウォークウェイ・リトレッド,JianZha Town Walkway Retread,JianZha Town Walkway Retread,JianZha Town Walkway Retread,JianZha Town Walkway Retread,JianZha Town Walkway Retread,JianZha Town Walkway Retread,JianZha Town Walkway Retread,JianZha Town Walkway Retread,JianZha Town Walkway Retread,煎炸鎮步行街 行動重置,JianZha Town Walkway Retread,活动名
shop.activity.JFES120,活动名：JFES120,布鲁克森庄园事件重解版,ブルックソン・マナー事件リゾルブ,Brookson Manor Incident Resolve,Brookson Manor Incident Resolve,Brookson Manor Incident Resolve,Brookson Manor Incident Resolve,Brookson Manor Incident Resolve,Brookson Manor Incident Resolve,Brookson Manor Incident Resolve,Brookson Manor Incident Resolve,Brookson Manor Incident Resolve,布魯克森莊園事件重解版,Brookson Manor Incident Resolve,活动名
shop.activity.JFES130,活动名：JFES130,奥林PIG运动会,オリンピッグ,Olympig,Olympig,Olympig,Olympig,Olympig,Olympig,Olympig,Olympig,Olympig,奧林PIG運動會,Olympig,活动名
shop.activity.JFES140,活动名：JFES140,高手姿态,ヴィルトゥオーゾ・ポスチャー,Virtuose Posture,Virtuose Posture,Virtuose Posture,Virtuose Posture,Virtuose Posture,Virtuose Posture,Virtuose Posture,Virtuose Posture,Virtuose Posture,高手姿態,Virtuose Posture,活动名
shop.activity.JFES150,活动名：JFES150,七七海滩度假计划,チーチー・ビーチ・バケーション・プラン,77 Beach Vacation Plan,77 Beach Vacation Plan,77 Beach Vacation Plan,77 Beach Vacation Plan,77 Beach Vacation Plan,77 Beach Vacation Plan,77 Beach Vacation Plan,77 Beach Vacation Plan,77 Beach Vacation Plan,七七海灘度假計劃,77 Beach Vacation Plan,活动名
shop.activity.JFES160,活动名：JFES160,煎炸先生的假期,ドント・ピッグ・クリエイティブ・イン・ザ・ジュライ,Don't Pig-Creative in the July,Don't Pig-Creative in the July,Don't Pig-Creative in the July,Don't Pig-Creative in the July,Don't Pig-Creative in the July,Don't Pig-Creative in the July,Don't Pig-Creative in the July,Don't Pig-Creative in the July,Don't Pig-Creative in the July,煎炸先生的假期,Don't Pig-Creative in the July,活动名
shop.activity.JFES170,活动名：JFES170,糖豆节,フォールガイズフェス,Fall Guys FES,Fall Guys FES,Fall Guys FES,Fall Guys FES,Fall Guys FES,Fall Guys FES,폴 가이즈 FES,Fall Guys FES,Fall Guys FES,糖豆節,Fall Guys FES,活动名
shop.activity.JFES175,活动名：JFES175,煎炸镇美术馆,煎炸鎮美術館,JianZha Town Art Museum,JianZha Town Art Museum,JianZha Town Art Museum,JianZha Town Art Museum,JianZha Town Art Museum,JianZha Town Art Museum,JianZha Town Art Museum,JianZha Town Art Museum,JianZha Town Art Museum,煎炸鎮美術館,JianZha Town Art Museum,活动名
shop.activity.JFES180,活动名：JFES180,奥林PIG运动会第二季,オリンピッグ シーズン2,Olympig Season 2,Olympig Season 2,Olympig Season 2,Olympig Season 2,Olympig Season 2,Olympig Season 2,Olympig Season 2,Olympig Season 2,Olympig Season 2,奧林PIG運動會第二季,Olympig Season 2,活动名
shop.activity.JFES190,活动名：JFES190,不给糖果就小丑导弹,トリート・オア・クラウン,Treat or Clown,Treat or Clown,Treat or Clown,Treat or Clown,Treat or Clown,Treat or Clown,Treat or Clown,Treat or Clown,Treat or Clown,不給糖果就小丑導彈,Treat or Clown,活动名
shop.activity.JFES195,活动名：JFES195,猪诞狂欢,ピッグバース・パーティー,Pigbirth Party,Pigbirth Party,Pigbirth Party,Pigbirth Party,Pigbirth Party,Pigbirth Party,Pigbirth Party,Pigbirth Party,Pigbirth Party,豬誕狂歡,Pigbirth Party,活动名
shop.activity.JFES200,活动名：JFES200,白日梦,デイ・ドリーム,Day Dream,Day Dream,Day Dream,Day Dream,Day Dream,Day Dream,Day Dream,Day Dream,Day Dream,白日夢,Day Dream,活动名
